timestamp,device,stage_pre_ms,inference_ms,stage_post_ms,total_ms,fps,num_detections
2025-11-07 02:45:59,Laptop,967.62,2709.34,0.37,3677.34,0.27,0
2025-11-07 02:45:59,Laptop,6.77,18.97,0.85,26.59,37.61,0
2025-11-07 02:45:59,Laptop,10.67,29.87,0.38,40.92,24.44,0
2025-11-07 02:45:59,Laptop,6.61,18.52,0.39,25.53,39.17,0
2025-11-07 02:45:59,Laptop,6.54,18.30,0.65,25.49,39.23,0
2025-11-07 02:45:59,Laptop,7.90,22.11,0.00,30.01,33.32,0
2025-11-07 02:45:59,Laptop,6.65,18.62,0.42,25.69,38.92,0
2025-11-07 02:45:59,Laptop,7.48,20.95,0.12,28.55,35.03,0
2025-11-07 02:45:59,Laptop,5.08,14.22,0.00,19.30,51.81,0
2025-11-07 02:45:59,Laptop,7.56,21.18,0.64,29.37,34.04,0
2025-11-07 02:45:59,Laptop,7.15,20.02,0.36,27.53,36.32,0
2025-11-07 02:46:00,Laptop,7.89,22.08,0.39,30.37,32.93,0
2025-11-07 02:46:00,Laptop,8.43,23.60,0.38,32.41,30.86,0
2025-11-07 02:46:00,Laptop,6.90,19.33,0.42,26.66,37.51,0
2025-11-07 02:46:00,Laptop,6.92,19.36,0.20,26.48,37.76,0
2025-11-07 02:46:00,Laptop,6.29,17.61,0.47,24.37,41.04,0
2025-11-07 02:46:00,Laptop,8.15,22.82,0.33,31.30,31.95,0
2025-11-07 02:46:00,Laptop,6.00,16.79,0.00,22.78,43.90,0
2025-11-07 02:46:00,Laptop,5.60,15.68,0.00,21.28,46.99,0
2025-11-07 02:46:00,Laptop,7.30,20.45,0.49,28.24,35.41,0
2025-11-07 02:46:00,Laptop,8.81,24.67,0.47,33.95,29.45,0
2025-11-07 02:46:00,Laptop,13.22,37.00,0.33,50.55,19.78,0
2025-11-07 02:46:00,Laptop,6.84,19.16,0.00,26.01,38.45,0
2025-11-07 02:46:00,Laptop,7.53,21.07,0.00,28.60,34.97,0
2025-11-07 02:46:00,Laptop,8.01,22.43,0.00,30.44,32.85,0
2025-11-07 02:46:00,Laptop,5.80,16.24,0.62,22.65,44.15,0
2025-11-07 02:46:00,Laptop,7.47,20.93,0.47,28.87,34.64,0
2025-11-07 02:46:00,Laptop,5.86,16.42,0.00,22.28,44.87,0
2025-11-07 02:46:01,Laptop,7.47,20.93,0.40,28.80,34.72,0
2025-11-07 02:46:01,Laptop,8.62,24.14,0.11,32.88,30.42,0
2025-11-07 02:46:01,Laptop,7.83,21.91,0.41,30.15,33.16,0
2025-11-07 02:46:01,Laptop,4.88,13.66,1.18,19.72,50.70,0
2025-11-07 02:46:01,Laptop,8.33,23.32,0.28,31.93,31.32,0
2025-11-07 02:46:01,Laptop,5.40,15.11,0.00,20.51,48.76,0
2025-11-07 02:46:01,Laptop,16.81,47.08,0.39,64.28,15.56,0
2025-11-07 02:46:01,Laptop,5.66,15.84,0.39,21.89,45.69,0
2025-11-07 02:46:01,Laptop,6.57,18.38,0.37,25.32,39.50,0
2025-11-07 02:46:01,Laptop,7.96,22.30,0.39,30.65,32.62,0
2025-11-07 02:46:01,Laptop,5.91,16.56,0.00,22.47,44.51,0
2025-11-07 02:46:01,Laptop,7.21,20.20,0.52,27.93,35.80,0
2025-11-07 02:46:01,Laptop,10.76,30.13,0.64,41.52,24.08,0
2025-11-07 02:46:01,Laptop,12.10,33.89,0.10,46.09,21.70,0
2025-11-07 02:46:01,Laptop,9.57,26.79,0.00,36.36,27.50,0
2025-11-07 02:46:01,Laptop,9.34,26.16,0.00,35.50,28.17,0
2025-11-07 02:46:02,Laptop,10.72,30.01,0.39,41.11,24.32,0
2025-11-07 02:46:02,Laptop,10.84,30.36,0.63,41.83,23.91,0
2025-11-07 02:46:02,Laptop,7.38,20.68,0.68,28.74,34.79,0
2025-11-07 02:46:02,Laptop,7.28,20.40,0.44,28.12,35.56,0
2025-11-07 02:46:02,Laptop,7.17,20.06,0.23,27.46,36.41,0
2025-11-07 02:46:02,Laptop,6.86,19.20,0.37,26.44,37.83,0
2025-11-07 02:46:02,Laptop,3.11,8.70,0.99,12.79,78.16,0
2025-11-07 02:46:02,Laptop,8.33,23.32,0.20,31.84,31.40,0
2025-11-07 02:46:02,Laptop,13.35,37.39,0.45,51.20,19.53,0
2025-11-07 02:46:02,Laptop,9.09,25.44,0.39,34.92,28.64,0
2025-11-07 02:46:02,Laptop,3.78,10.59,0.78,15.15,66.02,0
2025-11-07 02:46:02,Laptop,8.18,22.89,0.58,31.65,31.59,0
2025-11-07 02:46:02,Laptop,7.00,19.60,0.40,26.99,37.04,0
2025-11-07 02:46:02,Laptop,7.33,20.53,0.07,27.93,35.81,0
2025-11-07 02:46:02,Laptop,3.04,8.50,0.81,12.35,80.95,0
2025-11-07 02:46:02,Laptop,3.80,10.65,0.75,15.19,65.81,0
2025-11-07 02:46:02,Laptop,5.33,14.92,0.53,20.77,48.14,0
2025-11-07 02:46:03,Laptop,6.01,16.82,0.39,23.22,43.06,0
2025-11-07 02:46:03,Laptop,7.12,19.93,0.20,27.24,36.70,0
2025-11-07 02:46:03,Laptop,6.74,18.88,0.10,25.72,38.88,0
2025-11-07 02:46:03,Laptop,5.49,15.37,0.74,21.60,46.29,0
2025-11-07 02:46:03,Laptop,7.70,21.57,0.25,29.53,33.87,0
2025-11-07 02:46:03,Laptop,7.91,22.14,0.15,30.20,33.11,0
2025-11-07 02:46:03,Laptop,5.83,16.32,0.00,22.15,45.15,0
2025-11-07 02:46:03,Laptop,8.24,23.08,0.37,31.69,31.56,0
2025-11-07 02:46:03,Laptop,9.96,27.90,0.19,38.05,26.28,0
2025-11-07 02:46:03,Laptop,9.26,25.94,0.00,35.20,28.41,0
2025-11-07 02:46:03,Laptop,7.88,22.06,0.36,30.31,33.00,0
2025-11-07 02:46:03,Laptop,7.20,20.17,0.00,27.37,36.53,0
2025-11-07 02:46:03,Laptop,9.25,25.89,0.80,35.93,27.83,0
2025-11-07 02:46:03,Laptop,8.45,23.66,0.76,32.87,30.42,0
2025-11-07 02:46:03,Laptop,11.68,32.69,0.56,44.93,22.26,0
2025-11-07 02:46:03,Laptop,10.72,30.02,0.05,40.79,24.51,0
2025-11-07 02:46:04,Laptop,6.18,17.30,0.00,23.48,42.59,0
2025-11-07 02:46:04,Laptop,7.48,20.93,0.00,28.41,35.20,0
2025-11-07 02:46:04,Laptop,12.11,33.90,0.00,46.00,21.74,0
2025-11-07 02:46:04,Laptop,6.49,18.16,0.00,24.65,40.56,0
2025-11-07 02:46:04,Laptop,4.75,13.31,0.00,18.06,55.36,0
2025-11-07 02:46:04,Laptop,3.76,10.52,0.78,15.06,66.40,0
2025-11-07 02:46:04,Laptop,5.65,15.81,0.72,22.18,45.09,0
2025-11-07 02:46:04,Laptop,5.96,16.69,0.39,23.04,43.41,0
2025-11-07 02:46:04,Laptop,6.92,19.37,1.00,27.29,36.65,0
2025-11-07 02:46:04,Laptop,7.91,22.16,0.34,30.42,32.88,0
2025-11-07 02:46:04,Laptop,8.08,22.61,0.53,31.22,32.03,0
2025-11-07 02:46:04,Laptop,7.59,21.24,0.18,29.00,34.48,0
2025-11-07 02:46:04,Laptop,6.12,17.14,0.00,23.26,43.00,0
2025-11-07 02:46:04,Laptop,7.53,21.09,0.56,29.17,34.28,0
2025-11-07 02:46:04,Laptop,7.43,20.81,0.34,28.59,34.97,0
2025-11-07 02:46:04,Laptop,10.16,28.43,0.40,38.99,25.65,0
2025-11-07 02:46:04,Laptop,5.85,16.37,0.81,23.03,43.42,0
2025-11-07 02:46:05,Laptop,7.57,21.19,0.44,29.20,34.24,0
2025-11-07 02:46:05,Laptop,12.95,36.27,0.81,50.03,19.99,0
2025-11-07 02:46:05,Laptop,8.36,23.41,0.29,32.06,31.19,0
2025-11-07 02:46:05,Laptop,8.33,23.32,0.36,32.01,31.24,0
2025-11-07 02:46:05,Laptop,9.42,26.37,0.22,36.01,27.77,0
2025-11-07 02:46:05,Laptop,7.40,20.72,0.22,28.35,35.28,0
2025-11-07 02:46:05,Laptop,5.89,16.50,0.58,22.97,43.53,0
2025-11-07 02:46:05,Laptop,7.43,20.81,1.16,29.40,34.01,0
2025-11-07 02:46:05,Laptop,13.35,37.39,0.51,51.26,19.51,0
2025-11-07 02:46:05,Laptop,8.15,22.82,0.37,31.34,31.91,0
2025-11-07 02:46:05,Laptop,8.01,22.43,0.13,30.57,32.71,0
2025-11-07 02:46:05,Laptop,7.43,20.79,0.37,28.59,34.98,0
2025-11-07 02:46:05,Laptop,8.30,23.23,0.05,31.58,31.67,0
2025-11-07 02:46:05,Laptop,6.80,19.05,0.32,26.17,38.21,0
2025-11-07 02:46:05,Laptop,5.26,14.73,0.00,20.00,50.01,0
2025-11-07 02:46:05,Laptop,7.74,21.67,0.00,29.41,34.00,0
2025-11-07 02:46:05,Laptop,5.69,15.92,0.16,21.77,45.94,0
2025-11-07 02:46:06,Laptop,4.44,12.44,1.23,18.11,55.22,0
2025-11-07 02:46:06,Laptop,5.51,15.44,0.00,20.95,47.73,0
2025-11-07 02:46:06,Laptop,6.30,17.65,0.30,24.25,41.23,0
2025-11-07 02:46:06,Laptop,5.87,16.44,0.57,22.88,43.70,0
2025-11-07 02:46:06,Laptop,10.93,30.62,0.54,42.09,23.76,0
2025-11-07 02:46:06,Laptop,19.05,53.33,0.18,72.56,13.78,0
2025-11-07 02:46:06,Laptop,9.26,25.94,0.00,35.20,28.41,0
2025-11-07 02:46:06,Laptop,9.70,27.16,0.15,37.01,27.02,0
2025-11-07 02:46:06,Laptop,13.76,38.52,0.04,52.32,19.11,0
2025-11-07 02:46:06,Laptop,7.59,21.24,0.00,28.82,34.69,0
2025-11-07 02:46:06,Laptop,7.34,20.55,0.55,28.44,35.16,0
2025-11-07 02:46:06,Laptop,8.06,22.55,0.24,30.85,32.42,0
2025-11-07 02:46:06,Laptop,7.59,21.26,0.69,29.54,33.86,0
2025-11-07 02:46:06,Laptop,10.82,30.31,0.92,42.06,23.78,0
2025-11-07 02:46:06,Laptop,11.04,30.91,0.00,41.95,23.84,0
2025-11-07 02:46:07,Laptop,11.97,33.51,0.33,45.80,21.83,0
2025-11-07 02:46:07,Laptop,7.96,22.29,0.13,30.38,32.92,0
2025-11-07 02:46:07,Laptop,6.95,19.46,0.34,26.76,37.37,0
2025-11-07 02:46:07,Laptop,7.44,20.83,0.33,28.61,34.96,0
2025-11-07 02:46:07,Laptop,10.39,29.09,0.28,39.76,25.15,0
2025-11-07 02:46:07,Laptop,8.98,25.13,0.25,34.36,29.10,0
2025-11-07 02:46:07,Laptop,8.82,24.70,0.05,33.57,29.79,0
2025-11-07 02:46:07,Laptop,11.85,33.18,0.26,45.29,22.08,0
2025-11-07 02:46:07,Laptop,7.62,21.34,0.45,29.40,34.01,0
2025-11-07 02:46:07,Laptop,5.80,16.24,0.62,22.66,44.14,0
2025-11-07 02:46:07,Laptop,9.96,27.89,0.81,38.66,25.87,0
2025-11-07 02:46:07,Laptop,13.42,37.59,0.00,51.01,19.60,0
2025-11-07 02:46:07,Laptop,9.75,27.30,0.12,37.17,26.91,0
2025-11-07 02:46:07,Laptop,7.35,20.57,0.42,28.33,35.29,0
2025-11-07 02:46:07,Laptop,9.02,25.26,0.70,34.98,28.59,0
2025-11-07 02:46:07,Laptop,6.10,17.07,0.68,23.85,41.92,0
2025-11-07 02:46:07,Laptop,5.56,15.57,0.40,21.54,46.43,0
2025-11-07 02:46:08,Laptop,8.92,24.98,0.81,34.71,28.81,0
2025-11-07 02:46:08,Laptop,10.13,28.36,0.39,38.87,25.73,0
2025-11-07 02:46:08,Laptop,6.30,17.65,0.35,24.30,41.16,0
2025-11-07 02:46:08,Laptop,8.91,24.95,0.10,33.97,29.44,0
2025-11-07 02:46:08,Laptop,7.77,21.75,0.15,29.67,33.71,0
2025-11-07 02:46:08,Laptop,4.39,12.29,0.73,17.41,57.44,0
2025-11-07 02:46:08,Laptop,13.26,37.12,0.46,50.84,19.67,0
2025-11-07 02:46:08,Laptop,10.77,30.15,0.47,41.38,24.17,0
2025-11-07 02:46:08,Laptop,11.61,32.52,0.74,44.87,22.29,0
2025-11-07 02:46:08,Laptop,8.58,24.03,0.82,33.43,29.91,0
2025-11-07 02:46:08,Laptop,9.54,26.71,0.56,36.82,27.16,0
2025-11-07 02:46:08,Laptop,10.30,28.85,0.00,39.15,25.54,0
2025-11-07 02:46:08,Laptop,8.13,22.78,0.38,31.29,31.96,0
2025-11-07 02:46:08,Laptop,10.52,29.45,0.52,40.49,24.70,0
2025-11-07 02:46:08,Laptop,8.26,23.14,0.50,31.90,31.35,0
2025-11-07 02:46:08,Laptop,6.56,18.36,0.00,24.92,40.14,0
2025-11-07 02:46:09,Laptop,9.75,27.31,0.31,37.37,26.76,0
2025-11-07 02:46:09,Laptop,10.07,28.20,0.35,38.61,25.90,0
2025-11-07 02:46:09,Laptop,11.08,31.03,0.40,42.51,23.53,0
2025-11-07 02:46:09,Laptop,6.91,19.34,0.39,26.64,37.53,0
2025-11-07 02:46:09,Laptop,6.23,17.45,0.79,24.47,40.86,0
2025-11-07 02:46:09,Laptop,7.73,21.64,0.79,30.15,33.16,0
2025-11-07 02:46:09,Laptop,10.28,28.78,0.28,39.34,25.42,0
2025-11-07 02:46:09,Laptop,9.69,27.13,0.77,37.60,26.60,0
2025-11-07 02:46:09,Laptop,12.73,35.65,0.81,49.20,20.33,0
2025-11-07 02:46:09,Laptop,14.35,40.17,0.00,54.52,18.34,0
2025-11-07 02:46:09,Laptop,10.23,28.64,0.20,39.07,25.60,0
2025-11-07 02:46:09,Laptop,9.67,27.08,0.78,37.52,26.65,0
2025-11-07 02:46:09,Laptop,8.56,23.96,0.00,32.52,30.75,0
2025-11-07 02:46:09,Laptop,12.22,34.22,0.55,47.00,21.28,0
2025-11-07 02:46:09,Laptop,11.75,32.91,0.52,45.19,22.13,0
2025-11-07 02:46:09,Laptop,8.11,22.70,0.28,31.08,32.18,0
2025-11-07 02:46:10,Laptop,14.82,41.51,0.04,56.37,17.74,1
2025-11-07 02:46:10,Laptop,13.87,38.82,0.58,53.27,18.77,0
2025-11-07 02:46:10,Laptop,6.72,18.81,0.65,26.18,38.20,0
2025-11-07 02:46:10,Laptop,9.64,26.98,0.37,37.00,27.03,0
2025-11-07 02:46:10,Laptop,6.63,18.56,0.33,25.52,39.18,0
2025-11-07 02:46:10,Laptop,8.61,24.11,0.25,32.97,30.33,0
2025-11-07 02:46:10,Laptop,6.92,19.38,0.07,26.36,37.93,0
2025-11-07 02:46:10,Laptop,6.78,18.99,0.00,25.78,38.79,0
2025-11-07 02:46:10,Laptop,6.18,17.31,0.07,23.56,42.44,0
2025-11-07 02:46:10,Laptop,12.62,35.35,0.31,48.28,20.71,1
2025-11-07 02:46:10,Laptop,9.32,26.11,0.75,36.18,27.64,0
2025-11-07 02:46:10,Laptop,25.03,70.07,0.41,95.51,10.47,1
2025-11-07 02:46:10,Laptop,12.94,36.24,0.00,49.19,20.33,1
2025-11-07 02:46:10,Laptop,6.77,18.97,0.40,26.14,38.25,0
2025-11-07 02:46:10,Laptop,7.72,21.62,0.89,30.23,33.08,0
2025-11-07 02:46:10,Laptop,10.12,28.33,0.00,38.45,26.01,0
2025-11-07 02:46:11,Laptop,10.82,30.29,0.00,41.11,24.32,1
2025-11-07 02:46:11,Laptop,13.97,39.12,0.00,53.09,18.84,0
2025-11-07 02:46:11,Laptop,10.69,29.92,0.15,40.76,24.54,0
2025-11-07 02:46:11,Laptop,10.25,28.70,0.00,38.95,25.68,1
2025-11-07 02:46:11,Laptop,13.33,37.31,0.13,50.77,19.70,1
2025-11-07 02:46:11,Laptop,8.67,24.29,0.41,33.36,29.97,1
2025-11-07 02:46:11,Laptop,9.13,25.57,0.91,35.61,28.08,1
2025-11-07 02:46:11,Laptop,11.82,33.10,0.00,44.91,22.26,1
2025-11-07 02:46:11,Laptop,13.11,36.71,0.40,50.23,19.91,1
2025-11-07 02:46:11,Laptop,12.87,36.04,0.00,48.91,20.45,1
2025-11-07 02:46:11,Laptop,12.34,34.55,0.00,46.89,21.33,1
2025-11-07 02:46:11,Laptop,9.60,26.87,0.00,36.47,27.42,1
2025-11-07 02:46:11,Laptop,9.45,26.46,0.34,36.24,27.59,1
2025-11-07 02:46:11,Laptop,11.11,31.11,0.00,42.22,23.68,1
2025-11-07 02:46:11,Laptop,10.40,29.11,0.36,39.87,25.08,1
2025-11-07 02:46:12,Laptop,14.07,39.39,0.30,53.76,18.60,1
2025-11-07 02:46:12,Laptop,10.25,28.71,0.38,39.34,25.42,1
2025-11-07 02:46:12,Laptop,11.32,31.69,0.05,43.05,23.23,1
2025-11-07 02:46:12,Laptop,8.28,23.19,0.00,31.47,31.77,1
2025-11-07 02:46:12,Laptop,10.70,29.95,0.36,41.01,24.38,1
2025-11-07 02:46:12,Laptop,7.94,22.25,0.18,30.37,32.93,1
2025-11-07 02:46:12,Laptop,6.90,19.33,0.00,26.24,38.12,1
2025-11-07 02:46:12,Laptop,8.54,23.91,0.35,32.80,30.49,1
2025-11-07 02:46:12,Laptop,8.05,22.55,0.20,30.80,32.46,1
2025-11-07 02:46:12,Laptop,7.66,21.45,0.25,29.36,34.06,1
2025-11-07 02:46:12,Laptop,5.51,15.44,0.91,21.86,45.74,1
2025-11-07 02:46:12,Laptop,16.08,45.02,0.05,61.15,16.35,1
2025-11-07 02:46:12,Laptop,13.19,36.93,0.18,50.30,19.88,1
2025-11-07 02:46:12,Laptop,8.50,23.80,0.00,32.30,30.96,1
2025-11-07 02:46:12,Laptop,8.17,22.87,0.44,31.48,31.77,1
2025-11-07 02:46:12,Laptop,8.44,23.64,0.06,32.14,31.11,1
2025-11-07 02:46:12,Laptop,8.92,24.97,0.09,33.98,29.43,1
2025-11-07 02:46:13,Laptop,7.15,20.01,0.00,27.16,36.82,1
2025-11-07 02:46:13,Laptop,6.68,18.71,0.00,25.40,39.38,1
2025-11-07 02:46:13,Laptop,8.55,23.93,0.25,32.73,30.55,1
2025-11-07 02:46:13,Laptop,9.86,27.61,0.43,37.91,26.38,1
2025-11-07 02:46:13,Laptop,8.08,22.62,0.36,31.07,32.19,1
2025-11-07 02:46:13,Laptop,7.52,21.07,0.32,28.91,34.59,1
2025-11-07 02:46:13,Laptop,8.24,23.08,0.25,31.58,31.67,1
2025-11-07 02:46:13,Laptop,11.56,32.37,0.40,44.33,22.56,1
2025-11-07 02:46:13,Laptop,8.25,23.11,0.39,31.75,31.49,1
2025-11-07 02:46:13,Laptop,11.27,31.55,0.44,43.26,23.12,1
2025-11-07 02:46:13,Laptop,11.37,31.83,0.47,43.67,22.90,1
2025-11-07 02:46:13,Laptop,9.79,27.41,0.51,37.72,26.51,0
2025-11-07 02:46:13,Laptop,9.84,27.54,0.34,37.71,26.52,0
2025-11-07 02:46:13,Laptop,6.92,19.36,0.78,27.06,36.96,0
2025-11-07 02:46:13,Laptop,12.39,34.68,0.74,47.81,20.92,1
2025-11-07 02:46:13,Laptop,10.11,28.31,0.00,38.42,26.03,1
2025-11-07 02:46:14,Laptop,12.05,33.73,0.80,46.57,21.47,1
2025-11-07 02:46:14,Laptop,13.73,38.43,0.79,52.95,18.89,1
2025-11-07 02:46:14,Laptop,11.89,33.31,0.00,45.20,22.12,1
2025-11-07 02:46:14,Laptop,10.91,30.54,0.37,41.81,23.92,1
2025-11-07 02:46:14,Laptop,10.42,29.17,0.35,39.94,25.04,0
2025-11-07 02:46:14,Laptop,8.60,24.09,0.60,33.29,30.04,1
2025-11-07 02:46:14,Laptop,13.02,36.45,0.58,50.04,19.98,1
2025-11-07 02:46:14,Laptop,10.08,28.22,0.40,38.71,25.84,1
2025-11-07 02:46:14,Laptop,6.33,17.71,0.96,25.00,40.00,1
2025-11-07 02:46:14,Laptop,11.84,33.15,0.76,45.75,21.86,1
2025-11-07 02:46:14,Laptop,7.77,21.77,0.00,29.54,33.85,1
2025-11-07 02:46:14,Laptop,12.72,35.62,0.65,49.00,20.41,1
2025-11-07 02:46:14,Laptop,6.38,17.88,1.04,25.30,39.53,1
2025-11-07 02:46:14,Laptop,11.20,31.35,0.31,42.86,23.33,1
2025-11-07 02:46:14,Laptop,8.05,22.55,0.19,30.79,32.48,1
2025-11-07 02:46:15,Laptop,5.65,15.81,0.49,21.96,45.55,1
2025-11-07 02:46:15,Laptop,8.51,23.82,0.12,32.45,30.82,1
2025-11-07 02:46:15,Laptop,12.58,35.21,0.79,48.58,20.59,1
2025-11-07 02:46:15,Laptop,10.09,28.25,0.41,38.76,25.80,1
2025-11-07 02:46:15,Laptop,7.86,22.02,0.35,30.23,33.08,1
2025-11-07 02:46:15,Laptop,6.99,19.58,0.50,27.07,36.93,1
2025-11-07 02:46:15,Laptop,9.62,26.92,0.39,36.93,27.08,1
2025-11-07 02:46:15,Laptop,6.00,16.81,0.20,23.01,43.46,1
2025-11-07 02:46:15,Laptop,5.25,14.70,0.15,20.10,49.76,1
2025-11-07 02:46:15,Laptop,4.50,12.61,0.20,17.31,57.78,0
2025-11-07 02:46:15,Laptop,4.75,13.30,0.15,18.20,54.94,0
2025-11-07 02:46:15,Laptop,5.13,14.36,0.15,19.64,50.91,0
2025-11-07 02:46:15,Laptop,4.72,13.23,0.15,18.10,55.25,0
2025-11-07 02:46:15,Laptop,4.62,12.93,0.25,17.80,56.17,0
2025-11-07 02:46:15,Laptop,4.96,13.88,0.15,18.99,52.65,0
2025-11-07 02:46:15,Laptop,4.75,13.30,0.15,18.20,54.95,0
2025-11-07 02:46:15,Laptop,4.70,13.17,0.15,18.03,55.47,0
2025-11-07 02:46:16,Laptop,5.25,14.71,0.15,20.11,49.73,0
2025-11-07 02:46:16,Laptop,5.00,14.00,0.15,19.14,52.24,0
2025-11-07 02:46:16,Laptop,5.50,15.41,0.15,21.06,47.48,0
2025-11-07 02:46:16,Laptop,8.25,23.09,0.20,31.54,31.71,0
2025-11-07 02:46:16,Laptop,8.14,22.78,0.15,31.07,32.19,0
2025-11-07 02:46:16,Laptop,8.00,22.40,0.15,30.56,32.72,0
2025-11-07 02:46:16,Laptop,8.50,23.81,0.15,32.47,30.80,0
2025-11-07 02:46:16,Laptop,8.00,22.39,0.18,30.56,32.72,0
2025-11-07 02:46:16,Laptop,7.74,21.67,0.20,29.61,33.77,0
2025-11-07 02:46:16,Laptop,6.76,18.92,0.44,26.11,38.30,0
2025-11-07 02:46:16,Laptop,3.41,9.56,0.79,13.77,72.65,0
2025-11-07 02:46:16,Laptop,5.58,15.63,0.00,21.21,47.14,0
2025-11-07 02:46:16,Laptop,6.03,16.87,0.39,23.30,42.93,0
2025-11-07 02:46:16,Laptop,4.51,12.62,0.79,17.92,55.80,0
2025-11-07 02:46:16,Laptop,4.24,11.87,0.46,16.57,60.34,0
2025-11-07 02:46:16,Laptop,4.10,11.47,0.00,15.57,64.22,0
2025-11-07 02:46:17,Laptop,7.74,21.67,0.36,29.76,33.60,0
2025-11-07 02:46:17,Laptop,5.20,14.57,0.00,19.77,50.57,0
2025-11-07 02:46:17,Laptop,8.68,24.31,0.34,33.33,30.00,0
2025-11-07 02:46:17,Laptop,5.96,16.70,0.35,23.02,43.44,0
2025-11-07 02:46:17,Laptop,9.39,26.30,0.44,36.13,27.68,0
2025-11-07 02:46:17,Laptop,4.92,13.79,0.80,19.52,51.24,1
2025-11-07 02:46:17,Laptop,5.84,16.34,1.39,23.57,42.43,0
2025-11-07 02:46:17,Laptop,8.53,23.88,0.64,33.06,30.25,0
2025-11-07 02:46:17,Laptop,7.94,22.23,0.78,30.95,32.31,1
2025-11-07 02:46:17,Laptop,8.07,22.60,0.00,30.67,32.61,1
2025-11-07 02:46:17,Laptop,4.98,13.93,0.76,19.67,50.84,1
2025-11-07 02:46:17,Laptop,6.01,16.82,0.00,22.83,43.80,0
2025-11-07 02:46:17,Laptop,4.26,11.94,0.00,16.20,61.72,0
2025-11-07 02:46:17,Laptop,4.93,13.81,0.00,18.74,53.37,1
2025-11-07 02:46:17,Laptop,12.94,36.24,0.05,49.24,20.31,1
2025-11-07 02:46:17,Laptop,7.03,19.68,0.77,27.48,36.39,1
2025-11-07 02:46:17,Laptop,7.49,20.96,0.00,28.44,35.16,1
2025-11-07 02:46:18,Laptop,5.29,14.80,0.74,20.83,48.02,1
2025-11-07 02:46:18,Laptop,4.39,12.28,0.81,17.48,57.22,1
2025-11-07 02:46:18,Laptop,4.91,13.74,0.84,19.49,51.31,1
2025-11-07 02:46:18,Laptop,5.76,16.13,0.00,21.89,45.69,1
2025-11-07 02:46:18,Laptop,3.85,10.78,0.80,15.44,64.77,1
2025-11-07 02:46:18,Laptop,7.81,21.86,0.00,29.66,33.71,1
2025-11-07 02:46:18,Laptop,5.73,16.04,0.79,22.57,44.31,1
2025-11-07 02:46:18,Laptop,7.94,22.24,0.56,30.75,32.52,1
2025-11-07 02:46:18,Laptop,12.14,33.98,0.80,46.91,21.32,1
2025-11-07 02:46:18,Laptop,10.66,29.85,0.60,41.11,24.32,1
2025-11-07 02:46:18,Laptop,12.51,35.03,0.00,47.54,21.03,1
2025-11-07 02:46:18,Laptop,8.34,23.35,0.79,32.49,30.78,1
2025-11-07 02:46:18,Laptop,7.23,20.25,0.96,28.44,35.16,1
2025-11-07 02:46:18,Laptop,11.24,31.46,0.49,43.18,23.16,1
2025-11-07 02:46:18,Laptop,9.32,26.10,0.30,35.72,28.00,1
2025-11-07 02:46:18,Laptop,7.35,20.57,0.00,27.91,35.82,1
2025-11-07 02:46:19,Laptop,10.13,28.36,0.34,38.83,25.76,1
2025-11-07 02:46:19,Laptop,12.13,33.96,0.00,46.09,21.70,1
2025-11-07 02:46:19,Laptop,6.12,17.14,0.00,23.26,43.00,0
2025-11-07 02:46:19,Laptop,5.22,14.60,0.00,19.82,50.45,0
2025-11-07 02:46:19,Laptop,3.99,11.18,1.03,16.21,61.71,0
2025-11-07 02:46:19,Laptop,7.33,20.53,0.21,28.08,35.62,0
2025-11-07 02:46:19,Laptop,5.33,14.92,0.00,20.25,49.37,0
2025-11-07 02:46:19,Laptop,7.45,20.85,0.00,28.29,35.34,0
2025-11-07 02:46:19,Laptop,6.47,18.11,0.20,24.78,40.36,1
2025-11-07 02:46:19,Laptop,7.72,21.60,0.40,29.72,33.65,1
2025-11-07 02:46:19,Laptop,6.93,19.39,0.79,27.11,36.89,1
2025-11-07 02:46:19,Laptop,6.09,17.06,0.80,23.95,41.75,1
2025-11-07 02:46:19,Laptop,8.20,22.95,0.80,31.94,31.30,1
2025-11-07 02:46:19,Laptop,7.40,20.71,0.40,28.51,35.08,1
2025-11-07 02:46:19,Laptop,6.64,18.61,0.00,25.25,39.60,1
2025-11-07 02:46:19,Laptop,11.77,32.95,0.55,45.27,22.09,1
2025-11-07 02:46:20,Laptop,6.91,19.34,0.00,26.24,38.11,1
2025-11-07 02:46:20,Laptop,10.48,29.33,0.48,40.29,24.82,1
2025-11-07 02:46:20,Laptop,5.91,16.55,0.40,22.87,43.73,1
2025-11-07 02:46:20,Laptop,5.55,15.55,0.00,21.10,47.39,1
2025-11-07 02:46:20,Laptop,6.27,17.55,0.25,24.07,41.55,1
2025-11-07 02:46:20,Laptop,5.79,16.20,0.31,22.30,44.85,1
2025-11-07 02:46:20,Laptop,8.95,25.06,0.00,34.00,29.41,1
2025-11-07 02:46:20,Laptop,7.54,21.12,0.08,28.75,34.79,1
2025-11-07 02:46:20,Laptop,4.87,13.64,0.79,19.30,51.82,1
2025-11-07 02:46:20,Laptop,6.22,17.41,0.00,23.63,42.32,1
2025-11-07 02:46:20,Laptop,3.09,8.65,0.79,12.52,79.86,1
2025-11-07 02:46:20,Laptop,5.24,14.68,0.00,19.93,50.18,0
2025-11-07 02:46:20,Laptop,5.56,15.56,0.90,22.02,45.42,0
2025-11-07 02:46:20,Laptop,8.69,24.34,0.99,34.03,29.39,1
2025-11-07 02:46:20,Laptop,8.42,23.58,0.75,32.75,30.53,1
2025-11-07 02:46:20,Laptop,9.10,25.49,0.00,34.59,28.91,1
2025-11-07 02:46:21,Laptop,10.04,28.12,0.36,38.52,25.96,1
2025-11-07 02:46:21,Laptop,9.30,26.03,0.33,35.66,28.04,1
2025-11-07 02:46:21,Laptop,9.48,26.56,0.35,36.39,27.48,1
2025-11-07 02:46:21,Laptop,8.32,23.29,0.26,31.86,31.38,1
2025-11-07 02:46:21,Laptop,7.06,19.76,0.00,26.81,37.30,1
2025-11-07 02:46:21,Laptop,7.27,20.35,0.00,27.62,36.21,1
2025-11-07 02:46:21,Laptop,10.21,28.59,0.55,39.35,25.41,1
2025-11-07 02:46:21,Laptop,4.55,12.73,0.75,18.02,55.49,1
2025-11-07 02:46:21,Laptop,4.19,11.73,0.80,16.72,59.81,1
2025-11-07 02:46:21,Laptop,4.86,13.62,0.74,19.22,52.02,1
2025-11-07 02:46:21,Laptop,6.52,18.27,0.00,24.79,40.33,1
2025-11-07 02:46:21,Laptop,7.61,21.31,0.41,29.33,34.09,1
2025-11-07 02:46:21,Laptop,8.58,24.03,0.41,33.02,30.29,1
2025-11-07 02:46:21,Laptop,7.80,21.84,0.25,29.89,33.46,1
2025-11-07 02:46:21,Laptop,7.11,19.89,0.38,27.38,36.53,1
2025-11-07 02:46:21,Laptop,5.72,16.02,0.38,22.13,45.19,1
2025-11-07 02:46:21,Laptop,6.39,17.88,0.49,24.76,40.39,1
2025-11-07 02:46:22,Laptop,6.19,17.33,0.39,23.91,41.82,1
2025-11-07 02:46:22,Laptop,5.35,14.98,0.00,20.32,49.20,1
2025-11-07 02:46:22,Laptop,3.84,10.75,0.78,15.38,65.04,1
2025-11-07 02:46:22,Laptop,7.96,22.29,0.00,30.25,33.05,1
2025-11-07 02:46:22,Laptop,4.57,12.81,0.56,17.94,55.75,1
2025-11-07 02:46:22,Laptop,6.18,17.31,0.00,23.49,42.57,1
2025-11-07 02:46:22,Laptop,7.24,20.27,0.21,27.73,36.06,1
2025-11-07 02:46:22,Laptop,6.62,18.54,0.33,25.50,39.21,1
2025-11-07 02:46:22,Laptop,6.06,16.97,0.50,23.52,42.51,1
2025-11-07 02:46:22,Laptop,7.05,19.74,0.34,27.14,36.85,1
2025-11-07 02:46:22,Laptop,5.64,15.80,0.00,21.44,46.64,1
2025-11-07 02:46:22,Laptop,6.34,17.74,0.37,24.44,40.91,1
2025-11-07 02:46:22,Laptop,5.55,15.54,0.37,21.47,46.57,0
2025-11-07 02:46:22,Laptop,5.68,15.89,0.34,21.91,45.65,0
2025-11-07 02:46:22,Laptop,6.10,17.07,0.05,23.22,43.06,1
2025-11-07 02:46:22,Laptop,7.97,22.30,0.46,30.73,32.54,1
2025-11-07 02:46:22,Laptop,6.07,16.99,0.61,23.66,42.26,1
2025-11-07 02:46:23,Laptop,9.29,26.02,0.44,35.75,27.97,1
2025-11-07 02:46:23,Laptop,9.98,27.95,0.15,38.08,26.26,1
2025-11-07 02:46:23,Laptop,9.09,25.46,0.51,35.06,28.52,1
2025-11-07 02:46:23,Laptop,8.76,24.52,0.79,34.07,29.35,1
2025-11-07 02:46:23,Laptop,9.22,25.81,0.36,35.39,28.26,1
2025-11-07 02:46:23,Laptop,6.59,18.46,0.83,25.88,38.63,1
2025-11-07 02:46:23,Laptop,9.12,25.53,0.10,34.75,28.78,1
2025-11-07 02:46:23,Laptop,7.11,19.90,0.38,27.39,36.51,1
2025-11-07 02:46:23,Laptop,6.20,17.36,0.34,23.91,41.82,1
2025-11-07 02:46:23,Laptop,6.55,18.34,0.37,25.26,39.59,1
2025-11-07 02:46:23,Laptop,2.39,6.69,0.81,9.88,101.20,1
2025-11-07 02:46:23,Laptop,8.47,23.71,0.00,32.18,31.07,1
2025-11-07 02:46:23,Laptop,6.19,17.33,0.24,23.76,42.08,1
2025-11-07 02:46:23,Laptop,4.69,13.14,0.72,18.56,53.89,1
2025-11-07 02:46:23,Laptop,8.85,24.78,0.36,33.99,29.42,1
2025-11-07 02:46:23,Laptop,8.08,22.63,0.37,31.08,32.18,1
2025-11-07 02:46:24,Laptop,7.81,21.86,0.37,30.04,33.29,1
2025-11-07 02:46:24,Laptop,6.86,19.22,0.39,26.46,37.79,0
2025-11-07 02:46:24,Laptop,8.01,22.42,0.32,30.74,32.53,0
2025-11-07 02:46:24,Laptop,7.90,22.12,0.32,30.34,32.96,0
2025-11-07 02:46:24,Laptop,7.53,21.07,0.30,28.90,34.60,0
2025-11-07 02:46:24,Laptop,5.81,16.28,0.36,22.45,44.55,0
2025-11-07 02:46:24,Laptop,5.49,15.38,0.32,21.20,47.16,0
2025-11-07 02:46:24,Laptop,7.65,21.42,0.49,29.55,33.84,0
2025-11-07 02:46:24,Laptop,6.39,17.89,0.45,24.73,40.44,0
2025-11-07 02:46:24,Laptop,6.48,18.13,0.40,25.01,39.98,0
2025-11-07 02:46:24,Laptop,5.66,15.85,0.31,21.81,45.84,0
2025-11-07 02:46:24,Laptop,7.58,21.22,0.62,29.42,33.99,0
2025-11-07 02:46:24,Laptop,6.14,17.19,0.21,23.55,42.47,0
2025-11-07 02:46:24,Laptop,5.93,16.61,0.34,22.88,43.71,0
2025-11-07 02:46:24,Laptop,7.33,20.54,0.40,28.27,35.37,0
2025-11-07 02:46:24,Laptop,7.48,20.94,0.54,28.96,34.53,0
2025-11-07 02:46:25,Laptop,8.18,22.90,0.30,31.38,31.87,0
2025-11-07 02:46:25,Laptop,7.40,20.71,0.00,28.11,35.58,0
2025-11-07 02:46:25,Laptop,6.97,19.52,0.98,27.47,36.40,0
2025-11-07 02:46:25,Laptop,7.45,20.86,0.00,28.31,35.32,0
2025-11-07 02:46:25,Laptop,8.64,24.19,0.34,33.17,30.15,0
2025-11-07 02:46:25,Laptop,8.71,24.38,0.32,33.41,29.93,0
2025-11-07 02:46:25,Laptop,8.53,23.88,0.30,32.71,30.57,0
2025-11-07 02:46:25,Laptop,7.19,20.13,0.29,27.60,36.23,1
2025-11-07 02:46:25,Laptop,6.74,18.86,0.36,25.96,38.53,0
2025-11-07 02:46:25,Laptop,6.45,18.07,0.38,24.90,40.15,0
2025-11-07 02:46:25,Laptop,5.52,15.47,0.00,20.99,47.65,0
2025-11-07 02:46:25,Laptop,3.73,10.46,0.80,14.99,66.69,0
2025-11-07 02:46:25,Laptop,6.07,17.00,0.35,23.42,42.70,0
2025-11-07 02:46:25,Laptop,6.07,16.99,0.43,23.49,42.58,0
2025-11-07 02:46:25,Laptop,5.16,14.45,0.00,19.60,51.01,0
2025-11-07 02:46:25,Laptop,6.18,17.30,0.00,23.48,42.59,0
2025-11-07 02:46:25,Laptop,7.46,20.90,0.00,28.36,35.26,0
2025-11-07 02:46:26,Laptop,5.80,16.23,0.80,22.83,43.81,0
2025-11-07 02:46:26,Laptop,5.46,15.28,0.25,21.00,47.63,0
2025-11-07 02:46:26,Laptop,4.25,11.90,0.00,16.15,61.91,0
2025-11-07 02:46:26,Laptop,7.94,22.23,0.00,30.17,33.15,0
2025-11-07 02:46:26,Laptop,2.59,7.26,0.81,10.65,93.87,0
2025-11-07 02:46:26,Laptop,4.02,11.26,0.00,15.28,65.45,0
2025-11-07 02:46:26,Laptop,4.48,12.55,0.80,17.84,56.05,0
2025-11-07 02:46:26,Laptop,7.59,21.24,0.00,28.83,34.69,0
2025-11-07 02:46:26,Laptop,6.04,16.90,0.00,22.94,43.59,0
2025-11-07 02:46:26,Laptop,2.14,6.00,0.81,8.95,111.71,0
2025-11-07 02:46:26,Laptop,4.43,12.40,0.00,16.83,59.41,0
2025-11-07 02:46:26,Laptop,3.92,10.97,0.79,15.67,63.81,0
2025-11-07 02:46:26,Laptop,4.30,12.04,0.80,17.15,58.32,0
2025-11-07 02:46:26,Laptop,4.48,12.53,0.00,17.01,58.80,0
2025-11-07 02:46:26,Laptop,5.94,16.62,0.00,22.56,44.33,0
2025-11-07 02:46:26,Laptop,5.12,14.35,0.05,19.52,51.23,0
2025-11-07 02:46:26,Laptop,7.92,22.16,0.79,30.87,32.40,0
2025-11-07 02:46:27,Laptop,4.25,11.91,0.78,16.94,59.05,1
2025-11-07 02:46:27,Laptop,6.25,17.50,0.29,24.04,41.60,1
2025-11-07 02:46:27,Laptop,6.45,18.07,0.32,24.84,40.25,1
2025-11-07 02:46:27,Laptop,8.55,23.93,0.32,32.79,30.49,0
2025-11-07 02:46:27,Laptop,8.48,23.76,0.43,32.67,30.61,0
2025-11-07 02:46:27,Laptop,9.02,25.25,0.30,34.57,28.93,0
2025-11-07 02:46:27,Laptop,9.07,25.39,0.60,35.07,28.52,0
2025-11-07 02:46:27,Laptop,6.88,19.26,0.65,26.78,37.33,0
2025-11-07 02:46:27,Laptop,8.53,23.90,0.74,33.17,30.15,0
2025-11-07 02:46:27,Laptop,11.25,31.49,0.35,43.09,23.21,0
2025-11-07 02:46:27,Laptop,8.43,23.61,0.06,32.10,31.15,0
2025-11-07 02:46:27,Laptop,7.09,19.86,0.00,26.95,37.10,0
2025-11-07 02:46:27,Laptop,5.07,14.18,0.79,20.03,49.91,0
2025-11-07 02:46:27,Laptop,9.22,25.81,0.00,35.03,28.55,0
2025-11-07 02:46:27,Laptop,7.48,20.96,1.06,29.50,33.90,0
2025-11-07 02:46:27,Laptop,11.73,32.85,0.64,45.22,22.12,0
2025-11-07 02:46:28,Laptop,7.63,21.37,0.48,29.48,33.92,0
2025-11-07 02:46:28,Laptop,6.16,17.25,0.47,23.88,41.87,0
2025-11-07 02:46:28,Laptop,6.86,19.20,0.36,26.41,37.86,0
2025-11-07 02:46:28,Laptop,6.73,18.85,0.00,25.58,39.10,0
2025-11-07 02:46:28,Laptop,6.95,19.46,0.37,26.79,37.33,0
2025-11-07 02:46:28,Laptop,6.37,17.85,0.80,25.02,39.97,0
2025-11-07 02:46:28,Laptop,5.80,16.23,0.14,22.17,45.10,0
2025-11-07 02:46:28,Laptop,5.84,16.36,0.51,22.72,44.02,0
2025-11-07 02:46:28,Laptop,7.89,22.11,1.07,31.07,32.19,1
2025-11-07 02:46:28,Laptop,7.05,19.74,0.76,27.56,36.29,0
2025-11-07 02:46:28,Laptop,5.09,14.24,0.00,19.32,51.75,0
2025-11-07 02:46:28,Laptop,5.66,15.85,0.00,21.51,46.49,0
2025-11-07 02:46:28,Laptop,2.47,6.92,0.78,10.17,98.32,0
2025-11-07 02:46:28,Laptop,8.37,23.44,0.00,31.82,31.43,0
2025-11-07 02:46:28,Laptop,5.28,14.79,0.79,20.86,47.94,0
2025-11-07 02:46:28,Laptop,3.93,11.00,0.76,15.70,63.71,0
2025-11-07 02:46:28,Laptop,2.49,6.99,0.76,10.24,97.65,0
2025-11-07 02:46:29,Laptop,4.26,11.93,0.76,16.95,58.98,0
2025-11-07 02:46:29,Laptop,7.65,21.42,0.00,29.06,34.41,0
2025-11-07 02:46:29,Laptop,17.00,47.61,0.00,64.61,15.48,0
2025-11-07 02:46:29,Laptop,7.31,20.47,0.10,27.87,35.88,0
2025-11-07 02:46:29,Laptop,5.96,16.69,0.32,22.97,43.53,0
2025-11-07 02:46:29,Laptop,7.55,21.13,0.00,28.68,34.87,0
2025-11-07 02:46:29,Laptop,6.43,18.00,0.00,24.43,40.94,0
2025-11-07 02:46:29,Laptop,5.60,15.68,0.79,22.08,45.29,0
2025-11-07 02:46:29,Laptop,7.53,21.09,0.34,28.96,34.53,0
2025-11-07 02:46:29,Laptop,5.66,15.85,0.94,22.45,44.55,0
2025-11-07 02:46:29,Laptop,7.25,20.31,0.76,28.32,35.31,1
2025-11-07 02:46:29,Laptop,6.00,16.80,0.79,23.59,42.40,0
2025-11-07 02:46:29,Laptop,4.41,12.34,0.76,17.51,57.10,0
2025-11-07 02:46:29,Laptop,4.79,13.42,0.86,19.08,52.41,0
2025-11-07 02:46:29,Laptop,10.75,30.10,0.54,41.39,24.16,0
2025-11-07 02:46:29,Laptop,4.43,12.41,0.00,16.84,59.40,0
2025-11-07 02:46:29,Laptop,3.88,10.87,0.80,15.55,64.32,0
2025-11-07 02:46:30,Laptop,6.94,19.44,0.55,26.93,37.13,0
2025-11-07 02:46:30,Laptop,8.51,23.82,0.77,33.10,30.22,0
2025-11-07 02:46:30,Laptop,6.90,19.32,0.80,27.02,37.02,1
2025-11-07 02:46:30,Laptop,4.28,11.98,0.76,17.01,58.77,1
2025-11-07 02:46:30,Laptop,4.82,13.49,0.80,19.10,52.35,1
2025-11-07 02:46:30,Laptop,1.52,4.26,0.78,6.56,152.45,0
2025-11-07 02:46:30,Laptop,4.49,12.57,0.79,17.85,56.03,0
2025-11-07 02:46:30,Laptop,7.88,22.06,0.30,30.24,33.07,0
2025-11-07 02:46:30,Laptop,2.53,7.09,0.75,10.37,96.45,0
2025-11-07 02:46:30,Laptop,4.46,12.49,0.00,16.95,58.99,0
2025-11-07 02:46:30,Laptop,5.60,15.68,0.00,21.28,47.00,0
2025-11-07 02:46:30,Laptop,5.53,15.47,0.80,21.80,45.87,1
2025-11-07 02:46:30,Laptop,6.40,17.92,0.00,24.32,41.13,1
2025-11-07 02:46:30,Laptop,5.27,14.74,0.97,20.98,47.67,1
2025-11-07 02:46:30,Laptop,8.64,24.19,0.18,33.01,30.29,0
2025-11-07 02:46:30,Laptop,4.55,12.74,0.00,17.30,57.82,0
2025-11-07 02:46:31,Laptop,7.92,22.19,0.80,30.91,32.36,1
2025-11-07 02:46:31,Laptop,10.77,30.17,0.31,41.25,24.24,1
2025-11-07 02:46:31,Laptop,5.13,14.37,0.88,20.38,49.06,1
2025-11-07 02:46:31,Laptop,9.21,25.78,0.00,34.99,28.58,1
2025-11-07 02:46:31,Laptop,4.63,12.98,0.80,18.41,54.32,1
2025-11-07 02:46:31,Laptop,5.01,14.04,0.80,19.85,50.38,1
2025-11-07 02:46:31,Laptop,5.90,16.52,0.42,22.84,43.79,1
2025-11-07 02:46:31,Laptop,12.34,34.54,0.00,46.88,21.33,1
2025-11-07 02:46:31,Laptop,9.47,26.50,0.00,35.97,27.80,1
2025-11-07 02:46:31,Laptop,8.56,23.97,0.00,32.53,30.75,1
2025-11-07 02:46:31,Laptop,7.88,22.06,0.00,29.94,33.40,1
2025-11-07 02:46:31,Laptop,6.34,17.75,0.52,24.61,40.63,1
2025-11-07 02:46:31,Laptop,9.55,26.75,0.77,37.07,26.97,1
2025-11-07 02:46:31,Laptop,8.79,24.62,0.00,33.41,29.93,1
2025-11-07 02:46:31,Laptop,6.94,19.43,0.00,26.36,37.93,1
2025-11-07 02:46:31,Laptop,5.87,16.45,0.79,23.11,43.27,0
2025-11-07 02:46:31,Laptop,6.90,19.33,0.24,26.48,37.77,0
2025-11-07 02:46:32,Laptop,2.85,7.99,0.80,11.64,85.88,1
2025-11-07 02:46:32,Laptop,4.69,13.14,0.79,18.62,53.70,1
2025-11-07 02:46:32,Laptop,7.80,21.84,0.00,29.64,33.73,1
2025-11-07 02:46:32,Laptop,8.63,24.17,0.21,33.02,30.28,1
2025-11-07 02:46:32,Laptop,9.62,26.94,0.35,36.91,27.09,1
2025-11-07 02:46:32,Laptop,3.17,8.87,0.77,12.81,78.07,1
2025-11-07 02:46:32,Laptop,5.51,15.44,0.00,20.95,47.73,1
2025-11-07 02:46:32,Laptop,6.20,17.35,0.00,23.54,42.47,1
2025-11-07 02:46:32,Laptop,5.08,14.21,0.00,19.29,51.84,1
2025-11-07 02:46:32,Laptop,5.17,14.48,0.59,20.23,49.42,1
2025-11-07 02:46:32,Laptop,5.96,16.68,0.80,23.44,42.67,1
2025-11-07 02:46:32,Laptop,7.66,21.45,0.79,29.90,33.44,1
2025-11-07 02:46:32,Laptop,12.52,35.07,0.00,47.59,21.01,1
2025-11-07 02:46:32,Laptop,11.86,33.21,0.00,45.07,22.19,1
2025-11-07 02:46:32,Laptop,4.93,13.81,0.00,18.74,53.37,1
2025-11-07 02:46:32,Laptop,5.15,14.42,0.00,19.56,51.11,1
2025-11-07 02:46:33,Laptop,5.27,14.76,0.79,20.83,48.01,1
2025-11-07 02:46:33,Laptop,5.06,14.18,0.75,19.99,50.02,1
2025-11-07 02:46:33,Laptop,6.48,18.15,0.00,24.63,40.60,1
2025-11-07 02:46:33,Laptop,7.76,21.72,0.80,30.29,33.02,1
2025-11-07 02:46:33,Laptop,10.13,28.37,0.38,38.88,25.72,1
2025-11-07 02:46:33,Laptop,8.58,24.03,0.00,32.62,30.66,1
2025-11-07 02:46:33,Laptop,4.92,13.79,0.79,19.50,51.28,1
2025-11-07 02:46:33,Laptop,6.55,18.33,0.79,25.66,38.97,1
2025-11-07 02:46:33,Laptop,8.61,24.12,0.00,32.73,30.55,1
2025-11-07 02:46:33,Laptop,12.53,35.09,0.00,47.63,21.00,1
2025-11-07 02:46:33,Laptop,8.07,22.61,0.80,31.49,31.76,1
2025-11-07 02:46:33,Laptop,8.13,22.75,0.79,31.67,31.58,1
2025-11-07 02:46:33,Laptop,7.89,22.09,0.00,29.98,33.35,1
2025-11-07 02:46:33,Laptop,8.80,24.65,0.00,33.46,29.89,1
2025-11-07 02:46:33,Laptop,9.86,27.60,0.44,37.90,26.39,1
2025-11-07 02:46:33,Laptop,7.72,21.62,0.00,29.34,34.08,1
2025-11-07 02:46:33,Laptop,5.43,15.21,0.00,20.64,48.44,1
2025-11-07 02:46:34,Laptop,6.41,17.96,0.00,24.37,41.03,1
2025-11-07 02:46:34,Laptop,5.54,15.51,0.00,21.05,47.51,1
2025-11-07 02:46:34,Laptop,4.45,12.47,0.79,17.71,56.46,1
2025-11-07 02:46:34,Laptop,8.76,24.53,0.00,33.29,30.04,1
2025-11-07 02:46:34,Laptop,3.20,8.97,0.78,12.95,77.22,1
2025-11-07 02:46:34,Laptop,4.94,13.82,0.00,18.76,53.30,1
2025-11-07 02:46:34,Laptop,3.98,11.14,0.76,15.88,62.98,1
2025-11-07 02:46:34,Laptop,6.48,18.13,0.00,24.61,40.63,1
2025-11-07 02:46:34,Laptop,7.22,20.22,0.29,27.73,36.07,1
2025-11-07 02:46:34,Laptop,6.92,19.37,0.35,26.64,37.53,1
2025-11-07 02:46:34,Laptop,7.53,21.09,0.32,28.94,34.55,1
2025-11-07 02:46:34,Laptop,9.36,26.22,0.75,36.34,27.52,1
2025-11-07 02:46:34,Laptop,10.12,28.33,0.94,39.38,25.39,1
2025-11-07 02:46:34,Laptop,7.69,21.55,0.85,30.09,33.23,1
2025-11-07 02:46:34,Laptop,12.24,34.27,0.00,46.50,21.50,1
2025-11-07 02:46:34,Laptop,6.42,17.97,0.00,24.39,41.00,1
2025-11-07 02:46:34,Laptop,6.79,19.00,0.00,25.78,38.78,1
2025-11-07 02:46:35,Laptop,7.51,21.04,0.49,29.04,34.44,1
2025-11-07 02:46:35,Laptop,7.48,20.96,0.32,28.76,34.77,1
2025-11-07 02:46:35,Laptop,6.57,18.40,0.34,25.31,39.51,1
2025-11-07 02:46:35,Laptop,3.39,9.49,0.80,13.68,73.09,1
2025-11-07 02:46:35,Laptop,6.53,18.27,0.42,25.22,39.66,1
2025-11-07 02:46:35,Laptop,6.35,17.77,0.31,24.42,40.94,1
2025-11-07 02:46:35,Laptop,7.55,21.14,0.38,29.07,34.40,1
2025-11-07 02:46:35,Laptop,9.38,26.26,0.00,35.63,28.06,1
2025-11-07 02:46:35,Laptop,6.26,17.52,0.00,23.78,42.06,1
2025-11-07 02:46:35,Laptop,7.19,20.14,0.80,28.13,35.55,1
2025-11-07 02:46:35,Laptop,9.73,27.23,0.10,37.06,26.98,1
2025-11-07 02:46:35,Laptop,11.77,32.95,0.35,45.07,22.19,1
2025-11-07 02:46:35,Laptop,9.48,26.54,0.35,36.38,27.49,1
2025-11-07 02:46:35,Laptop,9.21,25.78,0.32,35.30,28.33,1
2025-11-07 02:46:35,Laptop,9.22,25.81,0.33,35.35,28.29,1
2025-11-07 02:46:35,Laptop,8.86,24.81,0.34,34.01,29.40,1
2025-11-07 02:46:36,Laptop,6.53,18.29,0.43,25.25,39.61,1
2025-11-07 02:46:36,Laptop,5.96,16.69,0.41,23.06,43.36,1
2025-11-07 02:46:36,Laptop,8.13,22.78,0.37,31.28,31.96,1
2025-11-07 02:46:36,Laptop,7.93,22.21,0.33,30.47,32.82,1
2025-11-07 02:46:36,Laptop,6.30,17.63,0.33,24.26,41.21,1
2025-11-07 02:46:36,Laptop,5.98,16.76,0.35,23.09,43.30,1
2025-11-07 02:46:36,Laptop,6.28,17.58,0.52,24.37,41.03,1
2025-11-07 02:46:36,Laptop,6.66,18.65,0.42,25.73,38.86,1
2025-11-07 02:46:36,Laptop,9.54,26.72,0.43,36.69,27.25,1
2025-11-07 02:46:36,Laptop,8.24,23.08,0.46,31.79,31.46,1
2025-11-07 02:46:36,Laptop,6.83,19.13,0.36,26.32,38.00,1
2025-11-07 02:46:36,Laptop,7.23,20.25,0.31,27.80,35.98,1
2025-11-07 02:46:36,Laptop,7.13,19.95,0.10,27.18,36.80,1
2025-11-07 02:46:36,Laptop,6.38,17.86,0.38,24.62,40.62,1
2025-11-07 02:46:36,Laptop,8.31,23.26,0.38,31.94,31.31,1
2025-11-07 02:46:36,Laptop,6.74,18.86,0.00,25.60,39.06,1
2025-11-07 02:46:36,Laptop,5.85,16.38,0.00,22.23,44.99,1
2025-11-07 02:46:37,Laptop,3.92,10.97,0.80,15.68,63.77,1
2025-11-07 02:46:37,Laptop,5.65,15.82,0.00,21.48,46.56,1
2025-11-07 02:46:37,Laptop,2.84,7.95,0.77,11.56,86.51,1
2025-11-07 02:46:37,Laptop,1.55,4.34,0.78,6.67,149.86,0
2025-11-07 02:46:37,Laptop,7.82,21.88,0.66,30.36,32.94,0
2025-11-07 02:46:37,Laptop,8.35,23.39,0.00,31.74,31.50,0
2025-11-07 02:46:37,Laptop,8.26,23.11,0.00,31.37,31.88,0
2025-11-07 02:46:37,Laptop,5.05,14.13,0.94,20.11,49.72,0
2025-11-07 02:46:37,Laptop,5.16,14.44,0.77,20.38,49.08,0
2025-11-07 02:46:37,Laptop,4.12,11.52,0.61,16.25,61.53,0
2025-11-07 02:46:37,Laptop,5.04,14.11,0.77,19.92,50.20,0
2025-11-07 02:46:37,Laptop,2.18,6.10,0.80,9.08,110.13,0
2025-11-07 02:46:37,Laptop,7.84,21.95,0.43,30.21,33.10,0
2025-11-07 02:46:37,Laptop,8.48,23.75,0.19,32.42,30.84,0
2025-11-07 02:46:37,Laptop,12.54,35.12,0.00,47.66,20.98,0
2025-11-07 02:46:37,Laptop,7.89,22.08,0.79,30.75,32.52,0
2025-11-07 02:46:38,Laptop,4.12,11.53,0.00,15.65,63.89,0
2025-11-07 02:46:38,Laptop,6.78,19.00,0.61,26.39,37.89,0
2025-11-07 02:46:38,Laptop,5.41,15.15,0.93,21.49,46.52,0
2025-11-07 02:46:38,Laptop,8.88,24.86,0.00,33.74,29.64,0
2025-11-07 02:46:38,Laptop,2.94,8.24,0.77,11.96,83.63,0
2025-11-07 02:46:38,Laptop,4.21,11.78,0.81,16.79,59.55,0
2025-11-07 02:46:38,Laptop,1.90,5.33,0.67,7.90,126.55,0
2025-11-07 02:46:38,Laptop,2.45,6.87,0.81,10.14,98.65,0
2025-11-07 02:46:38,Laptop,5.15,14.41,0.00,19.56,51.12,0
2025-11-07 02:46:38,Laptop,5.26,14.73,0.80,20.79,48.10,0
2025-11-07 02:46:38,Laptop,4.25,11.90,1.04,17.19,58.16,0
2025-11-07 02:46:38,Laptop,10.11,28.32,0.00,38.44,26.02,0
2025-11-07 02:46:38,Laptop,6.13,17.17,0.00,23.31,42.91,0
2025-11-07 02:46:38,Laptop,6.20,17.35,0.81,24.35,41.07,0
2025-11-07 02:46:38,Laptop,4.07,11.40,0.79,16.26,61.50,0
2025-11-07 02:46:38,Laptop,6.05,16.93,0.70,23.68,42.23,0
2025-11-07 02:46:39,Laptop,8.55,23.95,0.65,33.15,30.16,0
2025-11-07 02:46:39,Laptop,8.65,24.23,0.00,32.88,30.41,0
2025-11-07 02:46:39,Laptop,6.93,19.42,0.00,26.35,37.95,0
2025-11-07 02:46:39,Laptop,8.86,24.80,0.23,33.89,29.50,0
2025-11-07 02:46:39,Laptop,10.06,28.17,0.79,39.02,25.62,0
2025-11-07 02:46:39,Laptop,8.25,23.09,0.00,31.34,31.91,0
2025-11-07 02:46:39,Laptop,6.60,18.48,0.00,25.07,39.88,0
2025-11-07 02:46:39,Laptop,2.46,6.88,0.79,10.12,98.81,0
2025-11-07 02:46:39,Laptop,2.99,8.38,0.79,12.17,82.17,0
2025-11-07 02:46:39,Laptop,4.45,12.47,0.75,17.67,56.58,0
2025-11-07 02:46:39,Laptop,4.44,12.42,0.00,16.86,59.32,0
2025-11-07 02:46:39,Laptop,4.51,12.63,0.00,17.14,58.34,0
2025-11-07 02:46:39,Laptop,4.45,12.46,0.69,17.60,56.82,0
2025-11-07 02:46:39,Laptop,5.41,15.16,0.79,21.37,46.81,0
2025-11-07 02:46:39,Laptop,8.04,22.50,0.00,30.53,32.75,0
2025-11-07 02:46:39,Laptop,7.79,21.80,0.00,29.59,33.80,0
2025-11-07 02:46:39,Laptop,8.17,22.87,0.80,31.83,31.42,0
2025-11-07 02:46:40,Laptop,9.06,25.38,0.10,34.54,28.95,0
2025-11-07 02:46:40,Laptop,9.10,25.48,0.59,35.17,28.44,0
2025-11-07 02:46:40,Laptop,5.93,16.61,0.81,23.36,42.82,0
2025-11-07 02:46:40,Laptop,6.71,18.79,0.65,26.15,38.24,0
2025-11-07 02:46:40,Laptop,8.42,23.57,0.05,32.04,31.21,0
2025-11-07 02:46:40,Laptop,6.32,17.68,0.79,24.79,40.34,0
2025-11-07 02:46:40,Laptop,5.83,16.34,0.00,22.17,45.10,0
2025-11-07 02:46:40,Laptop,5.20,14.57,0.80,20.57,48.61,0
2025-11-07 02:46:40,Laptop,5.98,16.75,0.42,23.15,43.20,0
2025-11-07 02:46:40,Laptop,4.55,12.75,0.00,17.30,57.80,0
2025-11-07 02:46:40,Laptop,5.44,15.24,0.80,21.49,46.53,0
2025-11-07 02:46:40,Laptop,6.25,17.50,0.00,23.75,42.11,0
2025-11-07 02:46:40,Laptop,2.26,6.34,0.79,9.39,106.45,0
2025-11-07 02:46:40,Laptop,5.59,15.66,0.46,21.71,46.07,0
2025-11-07 02:46:40,Laptop,5.49,15.36,0.79,21.64,46.20,0
2025-11-07 02:46:40,Laptop,5.13,14.36,0.00,19.49,51.30,0
2025-11-07 02:46:40,Laptop,4.60,12.87,0.66,18.12,55.18,0
2025-11-07 02:46:41,Laptop,4.25,11.89,0.00,16.13,61.99,0
2025-11-07 02:46:41,Laptop,6.65,18.62,0.38,25.65,38.98,0
2025-11-07 02:46:41,Laptop,5.50,15.41,0.97,21.88,45.71,0
2025-11-07 02:46:41,Laptop,9.66,27.04,0.66,37.36,26.77,0
2025-11-07 02:46:41,Laptop,8.91,24.93,0.10,33.94,29.46,0
2025-11-07 02:46:41,Laptop,2.00,5.59,0.79,8.38,119.38,0
2025-11-07 02:46:41,Laptop,3.77,10.57,0.00,14.34,69.73,0
2025-11-07 02:46:41,Laptop,7.25,20.29,0.00,27.54,36.31,0
2025-11-07 02:46:41,Laptop,6.29,17.61,0.80,24.71,40.47,0
2025-11-07 02:46:41,Laptop,11.93,33.40,0.00,45.33,22.06,0
2025-11-07 02:46:41,Laptop,8.09,22.65,0.00,30.74,32.53,0
2025-11-07 02:46:41,Laptop,4.48,12.54,0.49,17.51,57.11,0
2025-11-07 02:46:41,Laptop,6.58,18.42,0.25,25.25,39.60,0
2025-11-07 02:46:41,Laptop,6.21,17.38,0.42,24.00,41.66,0
2025-11-07 02:46:41,Laptop,6.51,18.21,0.64,25.36,39.43,0
2025-11-07 02:46:41,Laptop,5.61,15.70,0.12,21.42,46.68,0
2025-11-07 02:46:41,Laptop,2.51,7.04,0.74,10.30,97.12,0
2025-11-07 02:46:42,Laptop,6.16,17.26,0.31,23.73,42.14,0
2025-11-07 02:46:42,Laptop,5.25,14.70,0.00,19.95,50.12,0
2025-11-07 02:46:42,Laptop,4.62,12.95,0.00,17.57,56.92,0
2025-11-07 02:46:42,Laptop,8.23,23.05,0.00,31.29,31.96,0
2025-11-07 02:46:42,Laptop,8.60,24.07,0.00,32.67,30.61,0
2025-11-07 02:46:42,Laptop,7.70,21.57,0.82,30.10,33.22,0
2025-11-07 02:46:42,Laptop,10.53,29.50,0.18,40.21,24.87,0
2025-11-07 02:46:42,Laptop,11.20,31.36,0.47,43.03,23.24,0
2025-11-07 02:46:42,Laptop,8.63,24.15,0.31,33.09,30.22,0
2025-11-07 02:46:42,Laptop,8.23,23.06,0.00,31.29,31.96,1
2025-11-07 02:46:42,Laptop,9.39,26.29,0.00,35.67,28.03,1
2025-11-07 02:46:42,Laptop,8.75,24.51,0.60,33.87,29.53,1
2025-11-07 02:46:42,Laptop,8.99,25.16,0.00,34.14,29.29,1
2025-11-07 02:46:42,Laptop,6.51,18.23,0.00,24.75,40.41,1
2025-11-07 02:46:42,Laptop,5.92,16.57,0.00,22.48,44.48,1
2025-11-07 02:46:42,Laptop,6.23,17.45,0.00,23.68,42.23,1
2025-11-07 02:46:43,Laptop,5.65,15.81,0.00,21.46,46.60,1
2025-11-07 02:46:43,Laptop,10.97,30.72,0.48,42.18,23.71,1
2025-11-07 02:46:43,Laptop,10.97,30.73,0.00,41.70,23.98,1
2025-11-07 02:46:43,Laptop,8.64,24.18,0.31,33.12,30.19,1
2025-11-07 02:46:43,Laptop,9.97,27.92,0.00,37.89,26.39,1
2025-11-07 02:46:43,Laptop,7.01,19.63,0.00,26.64,37.54,1
2025-11-07 02:46:43,Laptop,6.20,17.37,0.00,23.58,42.42,1
2025-11-07 02:46:43,Laptop,4.98,13.95,0.92,19.85,50.39,1
2025-11-07 02:46:43,Laptop,9.52,26.64,0.79,36.95,27.07,1
2025-11-07 02:46:43,Laptop,4.64,12.99,0.80,18.43,54.27,1
2025-11-07 02:46:43,Laptop,8.05,22.55,0.00,30.60,32.68,1
2025-11-07 02:46:43,Laptop,6.96,19.49,0.48,26.93,37.13,1
2025-11-07 02:46:43,Laptop,9.52,26.66,0.00,36.18,27.64,1
2025-11-07 02:46:43,Laptop,9.27,25.95,0.05,35.26,28.36,1
2025-11-07 02:46:43,Laptop,8.27,23.15,0.62,32.04,31.21,1
2025-11-07 02:46:43,Laptop,7.13,19.98,0.76,27.87,35.88,1
2025-11-07 02:46:44,Laptop,7.02,19.66,0.55,27.24,36.72,1
2025-11-07 02:46:44,Laptop,4.95,13.86,0.00,18.82,53.15,1
2025-11-07 02:46:44,Laptop,6.13,17.16,1.18,24.47,40.87,1
2025-11-07 02:46:44,Laptop,13.23,37.06,0.54,50.84,19.67,1
2025-11-07 02:46:44,Laptop,5.84,16.36,0.78,22.98,43.52,1
2025-11-07 02:46:44,Laptop,8.01,22.44,0.08,30.53,32.76,1
2025-11-07 02:46:44,Laptop,6.54,18.32,0.00,24.86,40.22,1
2025-11-07 02:46:44,Laptop,8.59,24.05,0.00,32.64,30.64,1
2025-11-07 02:46:44,Laptop,7.81,21.86,0.00,29.67,33.70,1
2025-11-07 02:46:44,Laptop,9.19,25.75,0.00,34.94,28.62,1
2025-11-07 02:46:44,Laptop,6.66,18.65,0.00,25.31,39.51,1
2025-11-07 02:46:44,Laptop,6.55,18.34,0.79,25.67,38.95,1
2025-11-07 02:46:44,Laptop,8.51,23.84,0.00,32.35,30.91,1
2025-11-07 02:46:44,Laptop,8.34,23.35,0.00,31.69,31.56,1
2025-11-07 02:46:44,Laptop,6.78,18.99,0.61,26.38,37.91,1
2025-11-07 02:46:44,Laptop,10.34,28.94,1.04,40.32,24.80,1
2025-11-07 02:46:44,Laptop,10.57,29.59,0.79,40.94,24.43,1
2025-11-07 02:46:45,Laptop,8.39,23.50,0.79,32.68,30.60,0
2025-11-07 02:46:45,Laptop,4.54,12.72,0.77,18.03,55.46,0
2025-11-07 02:46:45,Laptop,5.02,14.06,0.00,19.08,52.41,0
2025-11-07 02:46:45,Laptop,8.84,24.76,0.00,33.60,29.76,0
2025-11-07 02:46:45,Laptop,4.96,13.88,0.00,18.83,53.10,0
2025-11-07 02:46:45,Laptop,3.28,9.19,0.80,13.27,75.35,0
2025-11-07 02:46:45,Laptop,6.77,18.96,0.25,25.98,38.48,1
2025-11-07 02:46:45,Laptop,5.16,14.45,0.78,20.40,49.03,1
2025-11-07 02:46:45,Laptop,6.24,17.46,0.59,24.29,41.17,1
2025-11-07 02:46:45,Laptop,6.87,19.24,0.99,27.10,36.90,0
2025-11-07 02:46:45,Laptop,8.45,23.66,0.10,32.21,31.05,1
2025-11-07 02:46:45,Laptop,7.30,20.44,0.49,28.23,35.43,1
2025-11-07 02:46:45,Laptop,6.19,17.34,0.00,23.53,42.50,1
2025-11-07 02:46:45,Laptop,5.58,15.63,0.45,21.66,46.16,1
2025-11-07 02:46:45,Laptop,5.53,15.48,0.00,21.01,47.60,1
2025-11-07 02:46:45,Laptop,4.71,13.19,0.81,18.71,53.44,1
2025-11-07 02:46:45,Laptop,4.92,13.79,0.00,18.71,53.44,1
2025-11-07 02:46:46,Laptop,5.23,14.63,0.00,19.86,50.35,1
2025-11-07 02:46:46,Laptop,4.81,13.48,0.75,19.05,52.50,0
2025-11-07 02:46:46,Laptop,7.78,21.78,0.35,29.92,33.43,0
2025-11-07 02:46:46,Laptop,5.66,15.84,0.15,21.65,46.18,0
2025-11-07 02:46:46,Laptop,4.59,12.84,0.80,18.23,54.85,1
2025-11-07 02:46:46,Laptop,5.09,14.25,0.00,19.34,51.71,1
2025-11-07 02:46:46,Laptop,9.92,27.77,0.06,37.75,26.49,1
2025-11-07 02:46:46,Laptop,12.00,33.59,0.06,45.64,21.91,1
2025-11-07 02:46:46,Laptop,6.80,19.04,0.00,25.84,38.70,0
2025-11-07 02:46:46,Laptop,6.61,18.51,0.79,25.92,38.59,1
2025-11-07 02:46:46,Laptop,9.56,26.77,0.53,36.85,27.13,1
2025-11-07 02:46:46,Laptop,8.05,22.53,0.81,31.39,31.86,1
2025-11-07 02:46:46,Laptop,9.76,27.34,0.00,37.10,26.95,1
2025-11-07 02:46:46,Laptop,6.88,19.25,0.00,26.13,38.28,1
2025-11-07 02:46:46,Laptop,8.86,24.80,0.65,34.31,29.15,1
2025-11-07 02:46:46,Laptop,7.54,21.11,0.12,28.77,34.76,1
2025-11-07 02:46:47,Laptop,5.51,15.43,0.00,20.95,47.74,1
2025-11-07 02:46:47,Laptop,3.46,9.68,0.81,13.95,71.67,1
2025-11-07 02:46:47,Laptop,4.91,13.75,0.79,19.45,51.42,1
2025-11-07 02:46:47,Laptop,7.57,21.19,0.28,29.04,34.44,1
2025-11-07 02:46:47,Laptop,5.37,15.04,0.00,20.41,49.00,1
2025-11-07 02:46:47,Laptop,5.73,16.04,0.41,22.18,45.09,1
2025-11-07 02:46:47,Laptop,5.50,15.39,0.00,20.89,47.87,1
2025-11-07 02:46:47,Laptop,4.45,12.45,0.00,16.89,59.19,1
2025-11-07 02:46:47,Laptop,5.20,14.56,0.48,20.24,49.41,1
2025-11-07 02:46:47,Laptop,5.12,14.35,0.80,20.27,49.32,1
2025-11-07 02:46:47,Laptop,5.78,16.18,0.69,22.65,44.14,1
2025-11-07 02:46:47,Laptop,5.63,15.76,0.00,21.39,46.74,1
2025-11-07 02:46:47,Laptop,3.83,10.72,0.80,15.35,65.16,1
2025-11-07 02:46:47,Laptop,6.38,17.86,0.00,24.24,41.26,1
2025-11-07 02:46:47,Laptop,2.65,7.42,0.80,10.87,91.96,1
2025-11-07 02:46:47,Laptop,3.66,10.24,0.80,14.70,68.01,1
2025-11-07 02:46:47,Laptop,5.60,15.67,0.00,21.27,47.02,1
2025-11-07 02:46:48,Laptop,4.04,11.32,0.81,16.17,61.85,1
2025-11-07 02:46:48,Laptop,4.38,12.26,1.07,17.70,56.49,1
2025-11-07 02:46:48,Laptop,6.26,17.52,0.00,23.78,42.06,1
2025-11-07 02:46:48,Laptop,5.49,15.37,0.81,21.66,46.17,1
2025-11-07 02:46:48,Laptop,6.65,18.62,0.00,25.28,39.56,1
2025-11-07 02:46:48,Laptop,5.54,15.50,0.00,21.04,47.54,1
2025-11-07 02:46:48,Laptop,5.20,14.56,0.00,19.76,50.61,1
2025-11-07 02:46:48,Laptop,6.13,17.16,0.00,23.29,42.93,1
2025-11-07 02:46:48,Laptop,5.63,15.76,0.00,21.38,46.77,1
2025-11-07 02:46:48,Laptop,6.13,17.17,1.04,24.34,41.08,1
2025-11-07 02:46:48,Laptop,8.87,24.83,0.81,34.51,28.98,1
2025-11-07 02:46:48,Laptop,8.09,22.66,0.31,31.07,32.19,1
2025-11-07 02:46:48,Laptop,6.75,18.91,0.79,26.46,37.79,1
2025-11-07 02:46:48,Laptop,8.45,23.66,0.35,32.45,30.81,1
2025-11-07 02:46:48,Laptop,10.90,30.52,0.00,41.42,24.14,1
2025-11-07 02:46:48,Laptop,8.77,24.54,0.00,33.31,30.02,1
2025-11-07 02:46:49,Laptop,4.31,12.07,0.80,17.18,58.22,1
2025-11-07 02:46:49,Laptop,5.57,15.59,0.00,21.15,47.27,1
2025-11-07 02:46:49,Laptop,5.17,14.47,0.00,19.64,50.92,1
2025-11-07 02:46:49,Laptop,4.09,11.46,0.00,15.56,64.27,1
2025-11-07 02:46:49,Laptop,4.47,12.53,0.80,17.80,56.19,1
2025-11-07 02:46:49,Laptop,4.59,12.86,0.81,18.26,54.78,1
2025-11-07 02:46:49,Laptop,5.25,14.69,0.90,20.83,48.01,1
2025-11-07 02:46:49,Laptop,9.12,25.54,0.10,34.77,28.76,1
2025-11-07 02:46:49,Laptop,5.33,14.93,0.80,21.07,47.46,1
2025-11-07 02:46:49,Laptop,6.93,19.40,0.00,26.33,37.98,1
2025-11-07 02:46:49,Laptop,6.29,17.62,0.54,24.44,40.91,1
2025-11-07 02:46:49,Laptop,8.62,24.14,0.00,32.76,30.53,1
2025-11-07 02:46:49,Laptop,6.81,19.06,0.00,25.87,38.65,1
2025-11-07 02:46:49,Laptop,9.23,25.84,0.44,35.51,28.16,1
2025-11-07 02:46:49,Laptop,8.93,24.99,0.00,33.92,29.48,1
2025-11-07 02:46:49,Laptop,9.79,27.42,0.00,37.22,26.87,1
2025-11-07 02:46:49,Laptop,7.06,19.76,0.90,27.71,36.09,1
2025-11-07 02:46:50,Laptop,10.58,29.62,1.08,41.28,24.22,1
2025-11-07 02:46:50,Laptop,9.05,25.34,0.58,34.97,28.60,1
2025-11-07 02:46:50,Laptop,7.76,21.74,0.93,30.43,32.86,1
2025-11-07 02:46:50,Laptop,15.14,42.39,0.00,57.53,17.38,1
2025-11-07 02:46:50,Laptop,7.85,21.99,0.00,29.84,33.51,1
2025-11-07 02:46:50,Laptop,6.53,18.27,0.00,24.80,40.32,1
2025-11-07 02:46:50,Laptop,2.76,7.73,0.77,11.26,88.81,1
2025-11-07 02:46:50,Laptop,5.69,15.94,0.43,22.06,45.32,1
2025-11-07 02:46:50,Laptop,9.56,26.77,0.00,36.33,27.53,1
2025-11-07 02:46:50,Laptop,9.49,26.56,0.00,36.05,27.74,1
2025-11-07 02:46:50,Laptop,3.18,8.90,0.81,12.88,77.62,1
2025-11-07 02:46:50,Laptop,6.49,18.17,0.64,25.30,39.53,1
2025-11-07 02:46:50,Laptop,8.05,22.54,0.00,30.59,32.69,1
2025-11-07 02:46:50,Laptop,6.84,19.14,0.38,26.36,37.94,1
2025-11-07 02:46:50,Laptop,5.56,15.57,0.00,21.13,47.33,1
2025-11-07 02:46:50,Laptop,5.82,16.31,0.00,22.13,45.18,1
2025-11-07 02:46:51,Laptop,24.82,69.50,0.00,94.33,10.60,1
2025-11-07 02:46:51,Laptop,24.01,67.23,1.44,92.68,10.79,1
2025-11-07 02:46:51,Laptop,10.39,29.08,0.38,39.85,25.09,1
2025-11-07 02:46:51,Laptop,9.58,26.82,0.08,36.48,27.41,1
2025-11-07 02:46:51,Laptop,7.56,21.17,0.79,29.52,33.87,1
2025-11-07 02:46:51,Laptop,9.05,25.35,0.00,34.41,29.06,1
2025-11-07 02:46:51,Laptop,12.28,34.37,0.00,46.65,21.44,1
2025-11-07 02:46:51,Laptop,8.19,22.93,0.00,31.12,32.13,1
2025-11-07 02:46:51,Laptop,8.81,24.67,0.51,33.99,29.42,1
2025-11-07 02:46:51,Laptop,5.58,15.62,0.78,21.99,45.48,1
2025-11-07 02:46:51,Laptop,10.71,29.99,1.08,41.78,23.93,1
2025-11-07 02:46:51,Laptop,10.82,30.31,0.43,41.57,24.06,1
2025-11-07 02:46:51,Laptop,8.14,22.79,0.58,31.52,31.73,1
2025-11-07 02:46:51,Laptop,9.20,25.77,0.52,35.50,28.17,1
2025-11-07 02:46:51,Laptop,8.38,23.46,0.00,31.85,31.40,1
2025-11-07 02:46:52,Laptop,4.31,12.06,0.81,17.17,58.25,1
2025-11-07 02:46:52,Laptop,5.75,16.10,0.00,21.85,45.78,1
2025-11-07 02:46:52,Laptop,5.24,14.68,0.00,19.93,50.18,1
2025-11-07 02:46:52,Laptop,6.47,18.11,0.00,24.58,40.69,1
2025-11-07 02:46:52,Laptop,2.82,7.88,0.81,11.51,86.89,0
2025-11-07 02:46:52,Laptop,4.77,13.34,0.00,18.11,55.22,0
2025-11-07 02:46:52,Laptop,4.39,12.29,0.00,16.67,59.97,0
2025-11-07 02:46:52,Laptop,5.48,15.36,0.00,20.84,47.99,0
2025-11-07 02:46:52,Laptop,4.69,13.14,0.00,17.83,56.09,0
2025-11-07 02:46:52,Laptop,3.96,11.09,0.81,15.85,63.07,0
2025-11-07 02:46:52,Laptop,5.21,14.58,0.00,19.78,50.55,0
2025-11-07 02:46:52,Laptop,4.99,13.96,0.00,18.94,52.79,0
2025-11-07 02:46:52,Laptop,5.75,16.09,0.00,21.84,45.78,0
2025-11-07 02:46:52,Laptop,6.99,19.59,0.16,26.74,37.40,0
2025-11-07 02:46:52,Laptop,4.78,13.39,0.00,18.18,55.01,0
2025-11-07 02:46:52,Laptop,6.11,17.12,0.00,23.23,43.05,0
2025-11-07 02:46:52,Laptop,4.43,12.40,0.79,17.62,56.76,0
2025-11-07 02:46:53,Laptop,2.42,6.77,0.81,10.00,100.02,0
2025-11-07 02:46:53,Laptop,4.02,11.26,0.48,15.77,63.41,0
2025-11-07 02:46:53,Laptop,4.00,11.20,0.81,16.00,62.49,0
2025-11-07 02:46:53,Laptop,4.71,13.20,0.79,18.70,53.47,0
2025-11-07 02:46:53,Laptop,5.20,14.56,0.00,19.77,50.59,0
2025-11-07 02:46:53,Laptop,10.40,29.12,0.37,39.89,25.07,0
2025-11-07 02:46:53,Laptop,8.36,23.41,0.81,32.58,30.69,0
2025-11-07 02:46:53,Laptop,7.80,21.85,0.76,30.41,32.88,0
2025-11-07 02:46:53,Laptop,7.48,20.95,0.00,28.44,35.17,0
2025-11-07 02:46:53,Laptop,4.51,12.62,0.79,17.92,55.82,0
2025-11-07 02:46:53,Laptop,4.00,11.21,0.81,16.02,62.42,0
2025-11-07 02:46:53,Laptop,4.89,13.69,0.74,19.32,51.75,0
2025-11-07 02:46:53,Laptop,7.98,22.34,0.00,30.32,32.98,0
2025-11-07 02:46:53,Laptop,5.24,14.66,0.00,19.90,50.26,0
2025-11-07 02:46:53,Laptop,4.23,11.85,0.80,16.88,59.25,0
2025-11-07 02:46:53,Laptop,4.78,13.37,0.82,18.97,52.73,0
2025-11-07 02:46:54,Laptop,8.22,23.03,0.36,31.61,31.63,0
2025-11-07 02:46:54,Laptop,3.98,11.15,0.00,15.13,66.10,0
2025-11-07 02:46:54,Laptop,7.15,20.02,0.79,27.97,35.76,0
2025-11-07 02:46:54,Laptop,6.18,17.30,1.02,24.50,40.81,0
2025-11-07 02:46:54,Laptop,5.87,16.43,0.14,22.44,44.56,0
2025-11-07 02:46:54,Laptop,7.35,20.59,0.20,28.14,35.54,0
2025-11-07 02:46:54,Laptop,4.92,13.77,0.00,18.69,53.51,0
2025-11-07 02:46:54,Laptop,6.81,19.05,0.44,26.30,38.02,0
2025-11-07 02:46:54,Laptop,5.70,15.96,0.05,21.72,46.05,0
2025-11-07 02:46:54,Laptop,6.10,17.09,0.48,23.67,42.25,0
2025-11-07 02:46:54,Laptop,5.90,16.52,0.00,22.42,44.60,0
2025-11-07 02:46:54,Laptop,4.47,12.52,0.79,17.78,56.24,0
2025-11-07 02:46:54,Laptop,6.59,18.44,0.44,25.47,39.27,0
2025-11-07 02:46:54,Laptop,6.97,19.52,0.32,26.82,37.29,0
2025-11-07 02:46:54,Laptop,5.58,15.63,0.77,21.99,45.47,0
2025-11-07 02:46:54,Laptop,8.75,24.50,0.37,33.61,29.75,0
2025-11-07 02:46:55,Laptop,8.41,23.55,0.72,32.69,30.59,0
2025-11-07 02:46:55,Laptop,6.34,17.74,0.50,24.58,40.69,0
2025-11-07 02:46:55,Laptop,7.32,20.48,0.67,28.47,35.13,0
2025-11-07 02:46:55,Laptop,10.09,28.26,0.63,38.99,25.65,0
2025-11-07 02:46:55,Laptop,8.05,22.54,0.56,31.14,32.11,0
2025-11-07 02:46:55,Laptop,5.06,14.18,0.42,19.66,50.86,0
2025-11-07 02:46:55,Laptop,6.29,17.62,0.30,24.21,41.31,0
2025-11-07 02:46:55,Laptop,8.51,23.83,0.47,32.81,30.48,0
2025-11-07 02:46:55,Laptop,10.51,29.43,0.64,40.59,24.64,0
2025-11-07 02:46:55,Laptop,8.32,23.28,0.53,32.13,31.13,0
2025-11-07 02:46:55,Laptop,6.31,17.66,0.57,24.54,40.75,0
2025-11-07 02:46:55,Laptop,11.87,33.24,0.00,45.11,22.17,0
2025-11-07 02:46:55,Laptop,8.36,23.40,0.00,31.75,31.49,0
2025-11-07 02:46:55,Laptop,5.98,16.75,0.00,22.73,43.99,0
2025-11-07 02:46:55,Laptop,6.00,16.80,0.00,22.80,43.85,0
2025-11-07 02:46:55,Laptop,4.69,13.12,0.00,17.81,56.15,0
2025-11-07 02:46:55,Laptop,4.05,11.33,0.80,16.17,61.83,0
2025-11-07 02:46:56,Laptop,8.13,22.75,0.00,30.88,32.38,0
2025-11-07 02:46:56,Laptop,5.37,15.02,0.76,21.15,47.29,0
2025-11-07 02:46:56,Laptop,9.43,26.41,0.00,35.84,27.90,0
2025-11-07 02:46:56,Laptop,6.22,17.41,0.73,24.36,41.06,0
2025-11-07 02:46:56,Laptop,8.01,22.42,0.45,30.88,32.39,0
2025-11-07 02:46:56,Laptop,6.35,17.77,0.00,24.11,41.47,0
2025-11-07 02:46:56,Laptop,5.14,14.39,0.89,20.43,48.95,0
2025-11-07 02:46:56,Laptop,7.08,19.82,0.41,27.31,36.62,0
2025-11-07 02:46:56,Laptop,8.88,24.85,0.51,34.24,29.21,0
2025-11-07 02:46:56,Laptop,7.20,20.15,0.31,27.66,36.16,0
2025-11-07 02:46:56,Laptop,4.83,13.51,0.61,18.95,52.76,0
2025-11-07 02:46:56,Laptop,8.31,23.27,0.27,31.86,31.39,0
2025-11-07 02:46:56,Laptop,5.49,15.38,0.00,20.88,47.90,0
2025-11-07 02:46:56,Laptop,8.89,24.90,0.30,34.09,29.34,0
2025-11-07 02:46:56,Laptop,9.90,27.71,0.00,37.61,26.59,0
2025-11-07 02:46:56,Laptop,10.35,28.98,0.27,39.60,25.25,0
2025-11-07 02:46:56,Laptop,5.22,14.62,0.92,20.76,48.18,0
2025-11-07 02:46:57,Laptop,5.63,15.75,0.00,21.38,46.78,0
2025-11-07 02:46:57,Laptop,3.92,10.98,0.00,14.90,67.11,0
2025-11-07 02:46:57,Laptop,6.45,18.06,0.33,24.84,40.26,0
2025-11-07 02:46:57,Laptop,6.82,19.09,0.48,26.38,37.91,0
2025-11-07 02:46:57,Laptop,5.27,14.77,0.34,20.38,49.06,0
2025-11-07 02:46:57,Laptop,3.77,10.57,0.80,15.14,66.06,0
2025-11-07 02:46:57,Laptop,5.45,15.26,0.20,20.91,47.82,0
2025-11-07 02:46:57,Laptop,7.31,20.47,0.31,28.10,35.59,0
2025-11-07 02:46:57,Laptop,4.77,13.35,0.15,18.27,54.73,0
2025-11-07 02:46:57,Laptop,7.75,21.70,0.15,29.60,33.78,0
2025-11-07 02:46:57,Laptop,7.66,21.44,0.15,29.25,34.19,0
2025-11-07 02:46:57,Laptop,8.13,22.78,0.15,31.06,32.19,0
2025-11-07 02:46:57,Laptop,7.76,21.71,0.15,29.62,33.76,0
2025-11-07 02:46:57,Laptop,4.50,12.60,0.20,17.30,57.80,0
2025-11-07 02:46:57,Laptop,4.75,13.30,0.15,18.20,54.93,0
2025-11-07 02:46:57,Laptop,5.01,14.02,0.15,19.17,52.18,0
2025-11-07 02:46:57,Laptop,4.50,12.59,0.15,17.24,58.02,0
2025-11-07 02:46:58,Laptop,4.50,12.61,0.20,17.31,57.76,0
2025-11-07 02:46:58,Laptop,4.98,13.94,0.15,19.06,52.45,0
2025-11-07 02:46:58,Laptop,4.50,12.60,0.20,17.29,57.82,0
2025-11-07 02:46:58,Laptop,4.81,13.47,0.20,18.48,54.11,0
2025-11-07 02:46:58,Laptop,5.00,14.00,0.15,19.14,52.23,0
2025-11-07 02:46:58,Laptop,4.75,13.30,0.15,18.19,54.96,0
2025-11-07 02:46:58,Laptop,4.75,13.30,0.15,18.21,54.93,0
2025-11-07 02:46:58,Laptop,4.50,12.60,0.15,17.25,57.97,0
2025-11-07 02:46:58,Laptop,4.63,12.96,0.15,17.74,56.38,0
2025-11-07 02:46:58,Laptop,4.50,12.60,0.20,17.30,57.79,0
2025-11-07 02:46:58,Laptop,4.71,13.20,0.15,18.06,55.37,0
2025-11-07 02:46:58,Laptop,4.67,13.07,0.15,17.89,55.91,0
2025-11-07 02:46:58,Laptop,4.76,13.33,0.14,18.23,54.84,0
2025-11-07 02:46:58,Laptop,4.63,12.98,0.15,17.76,56.30,0
2025-11-07 02:46:58,Laptop,4.75,13.29,0.20,18.24,54.83,0
2025-11-07 02:46:58,Laptop,5.00,14.00,0.15,19.14,52.24,0
2025-11-07 02:46:59,Laptop,4.71,13.18,0.20,18.09,55.28,0
2025-11-07 02:46:59,Laptop,4.50,12.60,0.15,17.25,57.97,0
2025-11-07 02:46:59,Laptop,10.09,28.25,0.15,38.50,25.98,0
2025-11-07 02:46:59,Laptop,5.00,13.99,0.15,19.14,52.24,0
2025-11-07 02:46:59,Laptop,4.76,13.33,0.15,18.24,54.81,0
2025-11-07 02:46:59,Laptop,4.76,13.33,0.15,18.24,54.84,0
2025-11-07 02:46:59,Laptop,4.75,13.31,0.15,18.21,54.90,0
2025-11-07 02:46:59,Laptop,4.89,13.68,0.15,18.72,53.43,0
2025-11-07 02:46:59,Laptop,5.25,14.71,0.20,20.16,49.59,0
2025-11-07 02:46:59,Laptop,8.00,22.40,0.15,30.55,32.74,0
2025-11-07 02:46:59,Laptop,8.14,22.78,0.15,31.07,32.18,0
2025-11-07 02:46:59,Laptop,7.74,21.68,0.15,29.58,33.81,0
2025-11-07 02:46:59,Laptop,7.58,21.22,0.20,29.00,34.49,0
2025-11-07 02:46:59,Laptop,4.75,13.29,0.20,18.24,54.83,0
2025-11-07 02:46:59,Laptop,4.50,12.59,0.15,17.24,58.02,0
2025-11-07 02:46:59,Laptop,4.50,12.61,0.15,17.26,57.94,0
2025-11-07 02:47:00,Laptop,5.25,14.69,0.30,20.24,49.40,0
2025-11-07 02:47:00,Laptop,5.00,14.01,0.45,19.47,51.37,0
2025-11-07 02:47:00,Laptop,6.26,17.52,0.26,24.03,41.62,0
2025-11-07 02:47:00,Laptop,5.00,14.00,0.20,19.20,52.09,0
2025-11-07 02:47:00,Laptop,7.33,20.51,0.30,28.14,35.54,0
2025-11-07 02:47:00,Laptop,6.25,17.49,0.30,24.04,41.60,0
2025-11-07 02:47:00,Laptop,4.75,13.29,0.20,18.24,54.83,0
2025-11-07 02:47:00,Laptop,5.25,14.69,0.15,20.09,49.78,0
2025-11-07 02:47:00,Laptop,4.72,13.23,0.15,18.11,55.23,0
2025-11-07 02:47:00,Laptop,4.88,13.68,0.25,18.81,53.16,0
2025-11-07 02:47:00,Laptop,9.09,25.44,0.35,34.88,28.67,0
2025-11-07 02:47:00,Laptop,5.00,14.00,0.31,19.31,51.79,0
2025-11-07 02:47:00,Laptop,5.02,14.04,0.15,19.21,52.06,0
2025-11-07 02:47:00,Laptop,4.75,13.30,0.15,18.20,54.95,0
2025-11-07 02:47:00,Laptop,4.41,12.36,0.35,17.13,58.39,0
2025-11-07 02:47:00,Laptop,4.75,13.30,0.26,18.31,54.63,0
2025-11-07 02:47:00,Laptop,5.00,14.01,0.25,19.27,51.90,0
2025-11-07 02:47:01,Laptop,5.20,14.55,0.25,19.99,50.02,0
2025-11-07 02:47:01,Laptop,4.64,13.00,0.15,17.79,56.20,0
2025-11-07 02:47:01,Laptop,4.62,12.93,0.15,17.70,56.49,0
2025-11-07 02:47:01,Laptop,4.96,13.88,0.15,18.98,52.68,0
2025-11-07 02:47:01,Laptop,4.60,12.88,0.25,17.73,56.39,0
2025-11-07 02:47:01,Laptop,5.14,14.40,0.30,19.84,50.40,0
2025-11-07 02:47:01,Laptop,4.94,13.83,0.25,19.02,52.57,0
2025-11-07 02:47:01,Laptop,4.83,13.51,0.27,18.61,53.74,0
2025-11-07 02:47:01,Laptop,5.01,14.03,0.20,19.24,51.97,0
2025-11-07 02:47:01,Laptop,6.42,17.98,0.15,24.56,40.72,0
2025-11-07 02:47:01,Laptop,8.06,22.58,0.16,30.81,32.46,0
2025-11-07 02:47:01,Laptop,7.91,22.16,0.15,30.22,33.09,0
2025-11-07 02:47:01,Laptop,7.94,22.23,0.15,30.32,32.98,0
2025-11-07 02:47:01,Laptop,4.50,12.60,0.15,17.25,57.97,0
2025-11-07 02:47:01,Laptop,4.62,12.93,0.13,17.68,56.57,0
2025-11-07 02:47:01,Laptop,4.64,13.00,0.15,17.80,56.18,0
2025-11-07 02:47:01,Laptop,4.79,13.40,0.15,18.33,54.54,0
2025-11-07 02:47:02,Laptop,4.52,12.65,0.16,17.32,57.72,0
2025-11-07 02:47:02,Laptop,4.51,12.62,0.20,17.32,57.73,0
2025-11-07 02:47:02,Laptop,4.79,13.41,0.15,18.35,54.49,0
2025-11-07 02:47:02,Laptop,4.80,13.44,0.15,18.39,54.38,0
2025-11-07 02:47:02,Laptop,4.56,12.76,0.15,17.47,57.25,0
2025-11-07 02:47:02,Laptop,4.78,13.39,0.15,18.32,54.60,0
2025-11-07 02:47:02,Laptop,4.53,12.68,0.15,17.36,57.61,0
2025-11-07 02:47:02,Laptop,4.53,12.68,0.15,17.35,57.63,0
2025-11-07 02:47:02,Laptop,4.68,13.10,0.14,17.91,55.82,0
2025-11-07 02:47:02,Laptop,4.53,12.68,0.15,17.36,57.61,0
2025-11-07 02:47:02,Laptop,4.63,12.97,0.15,17.75,56.34,0
2025-11-07 02:47:02,Laptop,4.78,13.38,0.18,18.33,54.55,0
2025-11-07 02:47:02,Laptop,5.15,14.42,0.15,19.72,50.71,0
2025-11-07 02:47:02,Laptop,4.64,13.00,0.13,17.77,56.26,0
2025-11-07 02:47:02,Laptop,5.00,14.00,0.15,19.15,52.21,0
2025-11-07 02:47:02,Laptop,5.02,14.06,0.20,19.29,51.85,0
2025-11-07 02:47:03,Laptop,4.88,13.66,0.25,18.79,53.22,0
2025-11-07 02:47:03,Laptop,4.54,12.71,0.20,17.44,57.33,0
2025-11-07 02:47:03,Laptop,4.89,13.70,0.15,18.74,53.37,0
2025-11-07 02:47:03,Laptop,5.00,13.99,0.15,19.14,52.26,0
2025-11-07 02:47:03,Laptop,4.57,12.80,0.20,17.57,56.91,0
2025-11-07 02:47:03,Laptop,4.89,13.69,0.18,18.76,53.32,0
2025-11-07 02:47:03,Laptop,4.64,13.00,0.18,17.82,56.11,0
2025-11-07 02:47:03,Laptop,5.25,14.69,0.15,20.09,49.77,0
2025-11-07 02:47:03,Laptop,4.93,13.81,0.15,18.89,52.94,0
2025-11-07 02:47:03,Laptop,5.93,16.60,0.20,22.73,44.00,0
2025-11-07 02:47:03,Laptop,7.94,22.24,0.18,30.36,32.93,0
2025-11-07 02:47:03,Laptop,7.78,21.79,0.20,29.78,33.58,0
2025-11-07 02:47:03,Laptop,8.04,22.52,0.15,30.72,32.55,0
2025-11-07 02:47:03,Laptop,4.75,13.29,0.15,18.19,54.98,0
2025-11-07 02:47:03,Laptop,5.81,16.26,0.25,22.31,44.82,0
2025-11-07 02:47:03,Laptop,4.87,13.63,0.15,18.64,53.64,0
2025-11-07 02:47:03,Laptop,5.05,14.14,0.20,19.39,51.58,0
2025-11-07 02:47:04,Laptop,5.91,16.54,0.20,22.65,44.15,0
2025-11-07 02:47:04,Laptop,4.84,13.54,0.20,18.58,53.83,0
2025-11-07 02:47:04,Laptop,4.83,13.52,0.15,18.49,54.07,0
2025-11-07 02:47:04,Laptop,4.98,13.94,0.15,19.07,52.45,0
2025-11-07 02:47:04,Laptop,4.80,13.43,0.15,18.38,54.42,0
2025-11-07 02:47:04,Laptop,4.88,13.66,0.15,18.68,53.52,0
2025-11-07 02:47:04,Laptop,7.43,20.80,0.25,28.48,35.11,0
2025-11-07 02:47:04,Laptop,5.13,14.36,0.20,19.69,50.78,0
2025-11-07 02:47:04,Laptop,4.98,13.95,0.15,19.08,52.40,0
2025-11-07 02:47:04,Laptop,10.20,28.55,0.18,38.93,25.69,0
2025-11-07 02:47:04,Laptop,4.63,12.97,0.15,17.75,56.35,0
2025-11-07 02:47:04,Laptop,4.72,13.23,0.15,18.10,55.23,0
2025-11-07 02:47:04,Laptop,4.75,13.29,0.15,18.19,54.98,0
2025-11-07 02:47:04,Laptop,5.10,14.28,0.23,19.61,50.99,0
2025-11-07 02:47:04,Laptop,4.92,13.79,0.30,19.01,52.60,0
2025-11-07 02:47:04,Laptop,4.81,13.48,0.14,18.43,54.25,0
2025-11-07 02:47:05,Laptop,5.25,14.69,0.30,20.24,49.40,0
2025-11-07 02:47:05,Laptop,4.75,13.31,0.24,18.31,54.62,0
2025-11-07 02:47:05,Laptop,5.32,14.91,0.25,20.48,48.83,0
2025-11-07 02:47:05,Laptop,5.00,14.00,0.15,19.15,52.22,0
2025-11-07 02:47:05,Laptop,5.14,14.39,0.30,19.83,50.43,0
2025-11-07 02:47:05,Laptop,5.01,14.02,0.17,19.19,52.10,0
2025-11-07 02:47:05,Laptop,4.92,13.78,0.25,18.94,52.79,0
2025-11-07 02:47:05,Laptop,4.66,13.06,0.20,17.92,55.79,0
2025-11-07 02:47:05,Laptop,5.51,15.42,0.25,21.18,47.22,0
2025-11-07 02:47:05,Laptop,5.49,15.37,0.20,21.06,47.49,0
2025-11-07 02:47:05,Laptop,8.34,23.36,0.17,31.88,31.37,0
2025-11-07 02:47:05,Laptop,7.95,22.27,0.15,30.38,32.92,0
2025-11-07 02:47:05,Laptop,8.38,23.47,0.00,31.85,31.39,0
2025-11-07 02:47:05,Laptop,10.26,28.73,0.33,39.31,25.44,0
2025-11-07 02:47:05,Laptop,7.59,21.26,0.50,29.36,34.06,0
2025-11-07 02:47:05,Laptop,7.64,21.38,0.60,29.62,33.76,0
2025-11-07 02:47:06,Laptop,11.82,33.09,0.00,44.91,22.26,0
2025-11-07 02:47:06,Laptop,7.99,22.37,0.30,30.66,32.61,0
2025-11-07 02:47:06,Laptop,8.16,22.84,0.55,31.54,31.71,0
2025-11-07 02:47:06,Laptop,8.45,23.65,0.38,32.48,30.79,0
2025-11-07 02:47:06,Laptop,4.58,12.81,0.77,18.16,55.08,0
2025-11-07 02:47:06,Laptop,5.60,15.68,0.00,21.28,47.00,0
2025-11-07 02:47:06,Laptop,6.48,18.13,0.17,24.78,40.35,0
2025-11-07 02:47:06,Laptop,5.16,14.44,0.00,19.60,51.03,0
2025-11-07 02:47:06,Laptop,5.01,14.03,0.32,19.37,51.64,0
2025-11-07 02:47:06,Laptop,9.09,25.46,0.00,34.55,28.94,0
2025-11-07 02:47:06,Laptop,12.79,35.81,0.51,49.10,20.36,0
2025-11-07 02:47:06,Laptop,5.42,15.18,1.29,21.89,45.69,0
2025-11-07 02:47:06,Laptop,8.92,24.98,0.77,34.67,28.85,0
2025-11-07 02:47:06,Laptop,10.91,30.55,0.67,42.13,23.73,0
2025-11-07 02:47:06,Laptop,8.35,23.38,0.55,32.28,30.98,0
2025-11-07 02:47:06,Laptop,9.11,25.50,0.36,34.96,28.60,0
2025-11-07 02:47:06,Laptop,6.94,19.42,0.41,26.77,37.36,0
2025-11-07 02:47:07,Laptop,7.18,20.11,0.37,27.66,36.16,0
2025-11-07 02:47:07,Laptop,7.44,20.84,0.50,28.78,34.75,0
2025-11-07 02:47:07,Laptop,6.69,18.73,0.39,25.81,38.75,0
2025-11-07 02:47:07,Laptop,8.89,24.88,0.79,34.56,28.94,0
2025-11-07 02:47:07,Laptop,12.39,34.69,1.12,48.20,20.75,0
2025-11-07 02:47:07,Laptop,10.49,29.38,0.34,40.22,24.86,0
2025-11-07 02:47:07,Laptop,9.65,27.03,0.23,36.91,27.10,0
2025-11-07 02:47:07,Laptop,9.28,25.98,0.32,35.57,28.11,0
2025-11-07 02:47:07,Laptop,9.55,26.73,0.39,36.67,27.27,0
2025-11-07 02:47:07,Laptop,6.96,19.50,0.34,26.81,37.30,0
2025-11-07 02:47:07,Laptop,12.05,33.74,0.00,45.79,21.84,0
2025-11-07 02:47:07,Laptop,10.82,30.28,0.30,41.40,24.15,0
2025-11-07 02:47:07,Laptop,9.45,26.45,0.26,36.16,27.66,0
2025-11-07 02:47:07,Laptop,8.68,24.31,0.41,33.41,29.93,0
2025-11-07 02:47:07,Laptop,11.68,32.69,0.87,45.23,22.11,0
2025-11-07 02:47:07,Laptop,9.79,27.40,0.48,37.67,26.55,0
2025-11-07 02:47:08,Laptop,10.39,29.10,0.50,40.00,25.00,0
2025-11-07 02:47:08,Laptop,12.23,34.25,1.17,47.65,20.98,0
2025-11-07 02:47:08,Laptop,10.30,28.83,0.30,39.44,25.36,0
2025-11-07 02:47:08,Laptop,11.96,33.50,0.52,45.98,21.75,0
2025-11-07 02:47:08,Laptop,11.96,33.48,0.00,45.43,22.01,0
2025-11-07 02:47:08,Laptop,8.45,23.67,0.30,32.43,30.84,0
2025-11-07 02:47:08,Laptop,9.21,25.79,0.09,35.09,28.50,0
2025-11-07 02:47:08,Laptop,11.56,32.36,0.00,43.91,22.77,0
2025-11-07 02:47:08,Laptop,11.41,31.94,0.92,44.26,22.59,0
2025-11-07 02:47:08,Laptop,13.54,37.92,0.52,51.99,19.23,0
2025-11-07 02:47:08,Laptop,7.84,21.95,0.33,30.12,33.20,0
2025-11-07 02:47:08,Laptop,11.26,31.53,0.35,43.15,23.18,0
2025-11-07 02:47:08,Laptop,10.05,28.14,0.37,38.56,25.94,0
2025-11-07 02:47:08,Laptop,9.58,26.83,0.05,36.46,27.43,0
2025-11-07 02:47:08,Laptop,3.88,10.85,0.94,15.67,63.82,0
2025-11-07 02:47:08,Laptop,7.45,20.85,0.26,28.56,35.02,0
2025-11-07 02:47:09,Laptop,6.75,18.89,0.31,25.95,38.53,0
2025-11-07 02:47:09,Laptop,15.38,43.06,0.30,58.74,17.02,0
2025-11-07 02:47:09,Laptop,18.05,50.55,0.00,68.60,14.58,0
2025-11-07 02:47:09,Laptop,6.99,19.56,0.32,26.87,37.22,0
2025-11-07 02:47:09,Laptop,6.46,18.08,0.72,25.25,39.60,0
2025-11-07 02:47:09,Laptop,7.78,21.78,0.36,29.92,33.43,0
2025-11-07 02:47:09,Laptop,9.93,27.81,0.35,38.10,26.25,0
2025-11-07 02:47:09,Laptop,7.70,21.57,0.38,29.65,33.72,0
2025-11-07 02:47:09,Laptop,9.01,25.23,0.60,34.84,28.70,0
2025-11-07 02:47:09,Laptop,12.93,36.21,0.53,49.67,20.13,0
2025-11-07 02:47:09,Laptop,8.73,24.43,0.20,33.36,29.98,0
2025-11-07 02:47:09,Laptop,11.46,32.08,0.29,43.82,22.82,0
2025-11-07 02:47:09,Laptop,12.01,33.64,0.00,45.65,21.90,0
2025-11-07 02:47:09,Laptop,12.49,34.96,0.00,47.45,21.07,0
2025-11-07 02:47:09,Laptop,11.18,31.31,0.10,42.60,23.47,0
2025-11-07 02:47:09,Laptop,7.90,22.12,0.10,30.11,33.21,0
2025-11-07 02:47:09,Laptop,10.73,30.05,0.10,40.88,24.46,0
2025-11-07 02:47:10,Laptop,7.66,21.44,0.49,29.59,33.80,0
2025-11-07 02:47:10,Laptop,8.67,24.28,0.85,33.80,29.58,0
2025-11-07 02:47:10,Laptop,9.47,26.51,0.13,36.10,27.70,0
2025-11-07 02:47:10,Laptop,3.75,10.50,0.88,15.14,66.06,0
2025-11-07 02:47:10,Laptop,6.93,19.40,0.80,27.12,36.87,0
2025-11-07 02:47:10,Laptop,7.99,22.37,0.36,30.71,32.56,0
2025-11-07 02:47:10,Laptop,9.21,25.80,0.42,35.44,28.22,0
2025-11-07 02:47:10,Laptop,5.77,16.14,0.78,22.69,44.07,0
2025-11-07 02:47:10,Laptop,10.71,29.99,0.59,41.29,24.22,0
2025-11-07 02:47:10,Laptop,9.19,25.74,0.30,35.23,28.39,0
2025-11-07 02:47:10,Laptop,9.23,25.84,0.40,35.46,28.20,0
2025-11-07 02:47:10,Laptop,8.41,23.56,0.66,32.63,30.64,0
2025-11-07 02:47:10,Laptop,9.05,25.33,0.46,34.84,28.70,0
2025-11-07 02:47:10,Laptop,9.21,25.80,0.83,35.84,27.90,0
2025-11-07 02:47:10,Laptop,8.57,23.99,0.17,32.74,30.55,0
2025-11-07 02:47:10,Laptop,8.91,24.94,0.37,34.22,29.22,0
2025-11-07 02:47:11,Laptop,8.68,24.30,0.28,33.26,30.07,0
2025-11-07 02:47:11,Laptop,8.55,23.94,0.52,33.02,30.29,0
2025-11-07 02:47:11,Laptop,8.24,23.08,0.33,31.64,31.60,0
2025-11-07 02:47:11,Laptop,7.89,22.08,0.34,30.31,33.00,0
2025-11-07 02:47:11,Laptop,8.30,23.25,0.00,31.55,31.69,0
2025-11-07 02:47:11,Laptop,7.35,20.58,0.39,28.31,35.32,0
2025-11-07 02:47:11,Laptop,6.49,18.18,0.00,24.68,40.53,0
2025-11-07 02:47:11,Laptop,8.37,23.43,0.36,32.15,31.10,0
2025-11-07 02:47:11,Laptop,10.82,30.29,0.58,41.68,23.99,0
2025-11-07 02:47:11,Laptop,9.24,25.86,0.48,35.58,28.10,0
2025-11-07 02:47:11,Laptop,6.61,18.50,0.39,25.50,39.22,0
2025-11-07 02:47:11,Laptop,13.54,37.92,0.63,52.09,19.20,0
2025-11-07 02:47:11,Laptop,7.87,22.02,0.43,30.32,32.98,0
2025-11-07 02:47:11,Laptop,11.18,31.30,0.58,43.05,23.23,0
2025-11-07 02:47:11,Laptop,9.94,27.84,0.39,38.17,26.20,0
2025-11-07 02:47:11,Laptop,6.10,17.08,0.79,23.98,41.70,0
2025-11-07 02:47:12,Laptop,6.59,18.46,0.80,25.86,38.68,0
2025-11-07 02:47:12,Laptop,11.15,31.21,0.58,42.93,23.29,0
2025-11-07 02:47:12,Laptop,9.16,25.64,0.00,34.80,28.73,0
2025-11-07 02:47:12,Laptop,14.68,41.10,0.59,56.37,17.74,0
2025-11-07 02:47:12,Laptop,11.14,31.21,0.67,43.02,23.25,0
2025-11-07 02:47:12,Laptop,8.85,24.78,0.20,33.83,29.56,0
2025-11-07 02:47:12,Laptop,9.86,27.60,0.31,37.77,26.48,0
2025-11-07 02:47:12,Laptop,8.71,24.38,0.30,33.39,29.95,0
2025-11-07 02:47:12,Laptop,8.63,24.16,0.45,33.23,30.09,0
2025-11-07 02:47:12,Laptop,8.31,23.27,0.44,32.02,31.23,0
2025-11-07 02:47:12,Laptop,6.23,17.45,0.43,24.12,41.46,0
2025-11-07 02:47:12,Laptop,9.17,25.69,0.39,35.25,28.37,0
2025-11-07 02:47:12,Laptop,6.84,19.15,0.54,26.53,37.70,0
2025-11-07 02:47:12,Laptop,10.74,30.07,0.00,40.80,24.51,0
2025-11-07 02:47:12,Laptop,10.27,28.76,0.38,39.41,25.37,0
2025-11-07 02:47:12,Laptop,6.45,18.05,0.37,24.87,40.20,0
2025-11-07 02:47:12,Laptop,2.48,6.94,0.92,10.34,96.68,0
2025-11-07 02:47:13,Laptop,6.69,18.73,0.34,25.76,38.82,0
2025-11-07 02:47:13,Laptop,6.71,18.79,0.29,25.78,38.79,0
2025-11-07 02:47:13,Laptop,6.64,18.61,0.30,25.55,39.14,0
2025-11-07 02:47:13,Laptop,5.99,16.78,0.00,22.77,43.92,0
2025-11-07 02:47:13,Laptop,8.81,24.68,0.28,33.77,29.61,0
2025-11-07 02:47:13,Laptop,9.13,25.56,0.37,35.06,28.52,0
2025-11-07 02:47:13,Laptop,6.85,19.18,0.29,26.33,37.98,0
2025-11-07 02:47:13,Laptop,4.21,11.78,0.79,16.78,59.61,0
2025-11-07 02:47:13,Laptop,6.98,19.54,0.30,26.83,37.28,0
2025-11-07 02:47:13,Laptop,8.68,24.31,0.05,33.04,30.27,0
2025-11-07 02:47:13,Laptop,21.56,60.37,0.46,82.39,12.14,0
2025-11-07 02:47:13,Laptop,9.44,26.44,0.31,36.19,27.63,0
2025-11-07 02:47:13,Laptop,7.56,21.16,0.39,29.11,34.35,0
2025-11-07 02:47:13,Laptop,6.81,19.06,0.33,26.20,38.17,0
2025-11-07 02:47:13,Laptop,6.99,19.57,0.37,26.93,37.13,0
2025-11-07 02:47:13,Laptop,7.66,21.44,0.28,29.38,34.03,0
2025-11-07 02:47:14,Laptop,5.35,14.99,0.33,20.68,48.35,0
2025-11-07 02:47:14,Laptop,4.34,12.15,0.94,17.42,57.40,0
2025-11-07 02:47:14,Laptop,8.25,23.09,0.26,31.60,31.64,0
2025-11-07 02:47:14,Laptop,6.22,17.41,0.39,24.02,41.63,0
2025-11-07 02:47:14,Laptop,5.41,15.15,0.45,21.01,47.60,0
2025-11-07 02:47:14,Laptop,5.86,16.41,0.65,22.92,43.63,0
2025-11-07 02:47:14,Laptop,8.13,22.76,0.36,31.26,31.99,0
2025-11-07 02:47:14,Laptop,8.85,24.79,0.33,33.97,29.44,0
2025-11-07 02:47:14,Laptop,5.74,16.07,1.11,22.93,43.62,0
2025-11-07 02:47:14,Laptop,8.77,24.55,0.32,33.64,29.73,0
2025-11-07 02:47:14,Laptop,8.73,24.45,0.28,33.46,29.88,0
2025-11-07 02:47:14,Laptop,9.30,26.05,0.10,35.45,28.21,0
2025-11-07 02:47:14,Laptop,8.51,23.83,0.22,32.57,30.71,0
2025-11-07 02:47:14,Laptop,5.52,15.45,0.88,21.85,45.76,0
2025-11-07 02:47:14,Laptop,5.49,15.37,0.10,20.96,47.71,0
2025-11-07 02:47:14,Laptop,9.61,26.91,0.30,36.83,27.15,0
2025-11-07 02:47:14,Laptop,10.07,28.21,0.10,38.38,26.05,0
2025-11-07 02:47:15,Laptop,6.95,19.46,0.00,26.41,37.86,0
2025-11-07 02:47:15,Laptop,6.91,19.35,0.30,26.57,37.64,0
2025-11-07 02:47:15,Laptop,6.71,18.80,0.18,25.69,38.92,0
2025-11-07 02:47:15,Laptop,7.09,19.86,0.33,27.29,36.64,0
2025-11-07 02:47:15,Laptop,8.19,22.93,0.30,31.42,31.83,0
2025-11-07 02:47:15,Laptop,4.17,11.68,0.00,15.86,63.06,0
2025-11-07 02:47:15,Laptop,6.65,18.61,0.31,25.56,39.13,0
2025-11-07 02:47:15,Laptop,8.36,23.41,0.22,31.98,31.27,0
2025-11-07 02:47:15,Laptop,5.55,15.54,0.35,21.45,46.62,0
2025-11-07 02:47:15,Laptop,9.05,25.33,0.69,35.06,28.52,0
2025-11-07 02:47:15,Laptop,7.02,19.64,0.40,27.06,36.96,0
2025-11-07 02:47:15,Laptop,7.68,21.50,0.37,29.55,33.84,0
2025-11-07 02:47:15,Laptop,5.99,16.78,0.33,23.10,43.30,0
2025-11-07 02:47:15,Laptop,7.72,21.62,0.37,29.72,33.65,0
2025-11-07 02:47:15,Laptop,7.02,19.64,0.37,27.02,37.00,0
2025-11-07 02:47:15,Laptop,6.28,17.59,0.34,24.22,41.29,0
2025-11-07 02:47:16,Laptop,6.92,19.37,0.20,26.49,37.75,0
2025-11-07 02:47:16,Laptop,6.73,18.84,0.00,25.56,39.12,0
2025-11-07 02:47:16,Laptop,9.47,26.50,0.36,36.33,27.52,0
2025-11-07 02:47:16,Laptop,7.41,20.75,0.41,28.57,35.01,0
2025-11-07 02:47:16,Laptop,10.79,30.21,0.42,41.42,24.14,0
2025-11-07 02:47:16,Laptop,7.46,20.89,0.20,28.56,35.01,0
2025-11-07 02:47:16,Laptop,6.56,18.38,0.31,25.25,39.60,0
2025-11-07 02:47:16,Laptop,7.03,19.67,0.30,27.00,37.03,0
2025-11-07 02:47:16,Laptop,3.05,8.53,0.79,12.36,80.90,0
2025-11-07 02:47:16,Laptop,6.69,18.73,0.00,25.42,39.34,0
2025-11-07 02:47:16,Laptop,9.18,25.70,0.00,34.88,28.67,0
2025-11-07 02:47:16,Laptop,8.22,23.00,0.10,31.32,31.93,0
2025-11-07 02:47:16,Laptop,9.68,27.10,0.52,37.30,26.81,0
2025-11-07 02:47:16,Laptop,9.92,27.79,0.45,38.16,26.21,0
2025-11-07 02:47:16,Laptop,9.65,27.03,0.31,37.00,27.03,0
2025-11-07 02:47:16,Laptop,9.62,26.94,0.52,37.09,26.96,0
2025-11-07 02:47:17,Laptop,10.75,30.09,0.43,41.27,24.23,0
2025-11-07 02:47:17,Laptop,7.10,19.88,0.42,27.40,36.50,0
2025-11-07 02:47:17,Laptop,11.21,31.39,0.49,43.10,23.20,0
2025-11-07 02:47:17,Laptop,8.74,24.46,1.05,34.26,29.19,0
2025-11-07 02:47:17,Laptop,9.57,26.80,0.28,36.65,27.28,0
2025-11-07 02:47:17,Laptop,6.36,17.81,0.00,24.16,41.38,0
2025-11-07 02:47:17,Laptop,10.48,29.35,0.93,40.77,24.53,0
2025-11-07 02:47:17,Laptop,7.56,21.16,0.47,29.19,34.26,0
2025-11-07 02:47:17,Laptop,9.20,25.77,0.00,34.97,28.60,0
2025-11-07 02:47:17,Laptop,12.27,34.34,0.41,47.01,21.27,0
2025-11-07 02:47:17,Laptop,7.30,20.44,0.00,27.74,36.05,0
2025-11-07 02:47:17,Laptop,8.76,24.52,0.33,33.60,29.76,0
2025-11-07 02:47:17,Laptop,6.98,19.56,0.08,26.62,37.57,0
2025-11-07 02:47:17,Laptop,6.08,17.03,1.20,24.31,41.13,0
2025-11-07 02:47:17,Laptop,7.39,20.70,0.42,28.52,35.07,0
2025-11-07 02:47:17,Laptop,8.89,24.88,0.34,34.11,29.32,0
2025-11-07 02:47:18,Laptop,8.67,24.26,0.67,33.60,29.76,0
2025-11-07 02:47:18,Laptop,7.25,20.29,0.51,28.04,35.66,0
2025-11-07 02:47:18,Laptop,13.85,38.79,0.38,53.02,18.86,0
2025-11-07 02:47:18,Laptop,18.48,51.75,0.30,70.53,14.18,0
2025-11-07 02:47:18,Laptop,7.50,20.99,0.10,28.59,34.98,0
2025-11-07 02:47:18,Laptop,6.08,17.02,0.32,23.42,42.70,0
2025-11-07 02:47:18,Laptop,8.17,22.88,0.37,31.43,31.82,0
2025-11-07 02:47:18,Laptop,8.70,24.36,0.52,33.58,29.78,0
2025-11-07 02:47:18,Laptop,5.77,16.14,0.80,22.71,44.03,0
2025-11-07 02:47:18,Laptop,8.20,22.97,0.46,31.62,31.62,0
2025-11-07 02:47:18,Laptop,4.65,13.02,0.81,18.48,54.11,0
2025-11-07 02:47:18,Laptop,8.81,24.66,0.20,33.67,29.70,0
2025-11-07 02:47:18,Laptop,6.27,17.56,0.38,24.21,41.30,0
2025-11-07 02:47:18,Laptop,9.10,25.47,0.45,35.02,28.55,0
2025-11-07 02:47:18,Laptop,9.30,26.03,0.38,35.71,28.00,0
2025-11-07 02:47:18,Laptop,9.03,25.29,0.36,34.68,28.83,0
2025-11-07 02:47:18,Laptop,9.92,27.77,0.44,38.12,26.23,0
2025-11-07 02:47:19,Laptop,8.94,25.03,0.11,34.09,29.34,0
2025-11-07 02:47:19,Laptop,9.46,26.48,0.32,36.26,27.58,0
2025-11-07 02:47:19,Laptop,11.60,32.49,0.00,44.09,22.68,0
2025-11-07 02:47:19,Laptop,8.25,23.09,0.69,32.03,31.22,0
2025-11-07 02:47:19,Laptop,10.52,29.46,0.13,40.12,24.93,0
2025-11-07 02:47:19,Mobile,27.09,101.60,0.00,128.69,7.77,0
2025-11-07 02:47:19,Laptop,47.94,134.23,0.40,182.57,5.48,0
2025-11-07 02:47:19,Laptop,7.47,20.93,0.65,29.05,34.43,0
2025-11-07 02:47:19,Laptop,8.12,22.72,0.40,31.24,32.01,0
2025-11-07 02:47:19,Laptop,8.55,23.95,0.47,32.98,30.32,0
2025-11-07 02:47:19,Laptop,9.77,27.35,0.77,37.89,26.39,0
2025-11-07 02:47:19,Mobile,27.59,103.45,0.00,131.04,7.63,0
2025-11-07 02:47:19,Laptop,47.71,133.60,0.19,181.50,5.51,0
2025-11-07 02:47:20,Laptop,11.59,32.45,0.40,44.44,22.50,0
2025-11-07 02:47:20,Laptop,8.85,24.77,0.49,34.11,29.32,0
2025-11-07 02:47:20,Laptop,7.41,20.73,0.21,28.34,35.28,0
2025-11-07 02:47:20,Laptop,7.70,21.55,0.40,29.65,33.73,0
2025-11-07 02:47:20,Laptop,16.96,47.49,0.56,65.01,15.38,0
2025-11-07 02:47:20,Mobile,22.81,85.54,0.00,108.35,9.23,0
2025-11-07 02:47:20,Laptop,35.87,100.43,0.43,136.74,7.31,0
2025-11-07 02:47:20,Laptop,7.12,19.94,0.83,27.88,35.86,0
2025-11-07 02:47:20,Laptop,7.24,20.27,1.18,28.69,34.85,0
2025-11-07 02:47:20,Laptop,9.16,25.66,0.90,35.73,27.99,0
2025-11-07 02:47:20,Laptop,9.55,26.75,0.61,36.92,27.09,0
2025-11-07 02:47:20,Laptop,8.56,23.97,0.13,32.67,30.61,0
2025-11-07 02:47:20,Mobile,32.70,122.63,0.27,155.59,6.43,0
2025-11-07 02:47:21,Laptop,42.78,119.78,0.52,163.08,6.13,0
2025-11-07 02:47:21,Laptop,12.01,33.62,0.36,46.00,21.74,0
2025-11-07 02:47:21,Laptop,17.19,48.12,0.69,66.00,15.15,0
2025-11-07 02:47:21,Laptop,12.62,35.34,0.63,48.58,20.58,0
2025-11-07 02:47:21,Laptop,8.77,24.55,0.30,33.61,29.75,0
2025-11-07 02:47:21,Laptop,11.96,33.48,0.40,45.84,21.81,0
2025-11-07 02:47:21,Mobile,25.38,95.17,0.08,120.62,8.29,1
2025-11-07 02:47:21,Laptop,39.92,111.78,0.51,152.22,6.57,0
2025-11-07 02:47:21,Laptop,9.09,25.46,0.34,34.90,28.66,0
2025-11-07 02:47:21,Laptop,11.56,32.36,0.34,44.26,22.60,0
2025-11-07 02:47:21,Laptop,8.75,24.51,0.10,33.36,29.98,0
2025-11-07 02:47:21,Laptop,8.55,23.93,0.38,32.85,30.44,0
2025-11-07 02:47:21,Laptop,11.66,32.65,0.73,45.04,22.20,0
2025-11-07 02:47:21,Laptop,12.22,34.20,0.68,47.10,21.23,0
2025-11-07 02:47:22,Mobile,23.66,88.72,0.00,112.38,8.90,1
2025-11-07 02:47:22,Laptop,35.78,100.19,0.38,136.36,7.33,0
2025-11-07 02:47:22,Laptop,8.35,23.39,0.30,32.04,31.21,0
2025-11-07 02:47:22,Laptop,7.75,21.71,0.35,29.82,33.54,0
2025-11-07 02:47:22,Laptop,6.18,17.31,0.58,24.08,41.53,0
2025-11-07 02:47:22,Laptop,10.17,28.48,0.30,38.96,25.67,0
2025-11-07 02:47:22,Laptop,8.97,25.13,0.33,34.43,29.04,0
2025-11-07 02:47:22,Laptop,7.54,21.11,0.58,29.22,34.22,0
2025-11-07 02:47:22,Mobile,24.51,91.91,0.10,116.52,8.58,1
2025-11-07 02:47:22,Laptop,37.27,104.37,0.41,142.05,7.04,0
2025-11-07 02:47:22,Laptop,8.27,23.15,0.40,31.83,31.42,0
2025-11-07 02:47:22,Laptop,8.40,23.51,0.20,32.11,31.14,0
2025-11-07 02:47:22,Laptop,7.69,21.55,0.39,29.63,33.75,0
2025-11-07 02:47:22,Laptop,7.99,22.36,0.34,30.69,32.59,0
2025-11-07 02:47:22,Laptop,7.15,20.02,0.36,27.53,36.33,0
2025-11-07 02:47:22,Laptop,6.33,17.73,0.00,24.07,41.55,0
2025-11-07 02:47:22,Laptop,8.08,22.61,0.10,30.79,32.48,0
2025-11-07 02:47:23,Mobile,26.84,100.65,0.04,127.53,7.84,1
2025-11-07 02:47:23,Laptop,31.65,88.63,0.34,120.63,8.29,0
2025-11-07 02:47:23,Laptop,7.71,21.58,0.16,29.45,33.96,0
2025-11-07 02:47:23,Laptop,7.14,20.00,0.35,27.49,36.37,0
2025-11-07 02:47:23,Laptop,8.48,23.75,0.46,32.69,30.59,0
2025-11-07 02:47:23,Laptop,6.54,18.31,0.34,25.19,39.70,0
2025-11-07 02:47:23,Laptop,5.72,16.03,0.43,22.18,45.09,0
2025-11-07 02:47:23,Laptop,5.22,14.60,0.79,20.61,48.53,0
2025-11-07 02:47:23,Mobile,28.14,105.53,0.00,133.67,7.48,2
2025-11-07 02:47:23,Laptop,47.05,131.74,0.20,178.99,5.59,0
2025-11-07 02:47:23,Laptop,7.70,21.57,0.25,29.53,33.87,0
2025-11-07 02:47:23,Laptop,7.06,19.76,0.35,27.17,36.81,0
2025-11-07 02:47:23,Laptop,8.13,22.77,0.00,30.91,32.36,0
2025-11-07 02:47:23,Laptop,8.29,23.22,0.52,32.03,31.22,0
2025-11-07 02:47:23,Laptop,9.51,26.63,0.40,36.54,27.37,0
2025-11-07 02:47:24,Laptop,9.01,25.23,0.26,34.50,28.99,0
2025-11-07 02:47:24,Mobile,31.48,118.06,0.14,149.69,6.68,1
2025-11-07 02:47:24,Laptop,38.81,108.65,0.32,147.78,6.77,0
2025-11-07 02:47:24,Laptop,8.27,23.15,0.40,31.82,31.43,0
2025-11-07 02:47:24,Laptop,10.45,29.25,0.36,40.05,24.97,0
2025-11-07 02:47:24,Laptop,8.59,24.06,0.22,32.87,30.42,0
2025-11-07 02:47:24,Laptop,8.33,23.33,0.40,32.07,31.18,0
2025-11-07 02:47:24,Laptop,8.47,23.73,0.40,32.61,30.67,0
2025-11-07 02:47:24,Laptop,13.86,38.80,0.52,53.18,18.81,0
2025-11-07 02:47:24,Mobile,24.56,92.08,0.20,116.84,8.56,1
2025-11-07 02:47:24,Laptop,37.12,103.93,0.42,141.46,7.07,0
2025-11-07 02:47:24,Laptop,7.09,19.84,0.72,27.65,36.17,0
2025-11-07 02:47:24,Laptop,9.23,25.85,0.26,35.34,28.30,0
2025-11-07 02:47:24,Laptop,2.56,7.17,1.07,10.81,92.54,0
2025-11-07 02:47:24,Laptop,5.73,16.06,0.33,22.12,45.20,0
2025-11-07 02:47:24,Laptop,8.09,22.66,0.86,31.61,31.63,0
2025-11-07 02:47:25,Laptop,9.52,26.65,0.17,36.34,27.52,0
2025-11-07 02:47:25,Laptop,8.65,24.22,0.70,33.57,29.79,0
2025-11-07 02:47:25,Mobile,36.16,135.60,0.53,172.29,5.80,1
2025-11-07 02:47:25,Laptop,43.38,121.47,0.73,165.59,6.04,0
2025-11-07 02:47:25,Laptop,10.83,30.34,0.38,41.55,24.07,0
2025-11-07 02:47:25,Laptop,7.46,20.90,0.34,28.70,34.85,0
2025-11-07 02:47:25,Laptop,7.06,19.76,0.36,27.18,36.79,0
2025-11-07 02:47:25,Laptop,8.88,24.85,0.49,34.22,29.22,0
2025-11-07 02:47:25,Laptop,5.23,14.64,0.82,20.68,48.35,0
2025-11-07 02:47:25,Laptop,8.21,22.98,0.19,31.38,31.87,0
2025-11-07 02:47:25,Laptop,6.71,18.80,0.16,25.67,38.95,0
2025-11-07 02:47:25,Laptop,5.00,14.00,0.79,19.79,50.52,0
2025-11-07 02:47:25,Laptop,7.04,19.72,0.76,27.52,36.33,0
2025-11-07 02:47:25,Mobile,26.44,99.14,0.86,126.44,7.91,1
2025-11-07 02:47:25,Laptop,36.44,102.04,0.42,138.90,7.20,0
2025-11-07 02:47:26,Laptop,7.26,20.33,0.43,28.02,35.69,0
2025-11-07 02:47:26,Laptop,9.25,25.89,0.10,35.23,28.38,0
2025-11-07 02:47:26,Laptop,9.82,27.49,0.45,37.76,26.48,0
2025-11-07 02:47:26,Laptop,9.67,27.07,0.51,37.26,26.84,0
2025-11-07 02:47:26,Laptop,13.10,36.69,0.10,49.89,20.04,0
2025-11-07 02:47:26,Laptop,7.23,20.24,0.51,27.98,35.74,0
2025-11-07 02:47:26,Laptop,7.29,20.42,0.71,28.43,35.17,0
2025-11-07 02:47:26,Mobile,29.62,111.08,0.00,140.70,7.11,1
2025-11-07 02:47:26,Laptop,35.39,99.09,0.23,134.71,7.42,0
2025-11-07 02:47:26,Laptop,6.16,17.24,0.35,23.75,42.11,0
2025-11-07 02:47:26,Laptop,6.23,17.44,0.29,23.96,41.74,0
2025-11-07 02:47:26,Laptop,9.30,26.03,0.42,35.75,27.97,0
2025-11-07 02:47:26,Laptop,9.35,26.19,0.58,36.12,27.69,0
2025-11-07 02:47:26,Laptop,8.06,22.56,0.22,30.83,32.44,0
2025-11-07 02:47:26,Laptop,6.27,17.55,0.00,23.82,41.99,0
2025-11-07 02:47:26,Laptop,8.81,24.67,0.25,33.73,29.65,0
2025-11-07 02:47:27,Mobile,23.48,88.03,0.22,111.73,8.95,1
2025-11-07 02:47:27,Laptop,37.74,105.67,0.39,143.79,6.95,0
2025-11-07 02:47:27,Laptop,4.25,11.90,0.77,16.93,59.08,0
2025-11-07 02:47:27,Laptop,8.07,22.58,0.45,31.10,32.15,0
2025-11-07 02:47:27,Laptop,9.85,27.57,0.04,37.45,26.70,0
2025-11-07 02:47:27,Laptop,14.27,39.95,0.00,54.21,18.45,0
2025-11-07 02:47:27,Laptop,6.00,16.79,0.64,23.43,42.68,0
2025-11-07 02:47:27,Laptop,8.18,22.91,0.19,31.29,31.96,0
2025-11-07 02:47:27,Laptop,7.38,20.67,0.39,28.44,35.16,0
2025-11-07 02:47:27,Mobile,20.37,76.40,0.50,97.28,10.28,1
2025-11-07 02:47:27,Laptop,30.84,86.36,0.35,117.55,8.51,0
2025-11-07 02:47:27,Laptop,9.34,26.14,0.41,35.89,27.87,0
2025-11-07 02:47:27,Laptop,6.83,19.13,0.39,26.35,37.95,0
2025-11-07 02:47:27,Laptop,9.19,25.72,0.38,35.28,28.34,0
2025-11-07 02:47:27,Laptop,14.06,39.36,0.34,53.76,18.60,0
2025-11-07 02:47:27,Laptop,8.36,23.41,0.36,32.13,31.12,0
2025-11-07 02:47:27,Laptop,8.59,24.05,0.51,33.15,30.16,0
2025-11-07 02:47:27,Laptop,8.24,23.06,0.22,31.53,31.72,0
2025-11-07 02:47:28,Mobile,22.59,84.70,0.00,107.29,9.32,1
2025-11-07 02:47:28,Laptop,33.08,92.62,0.37,126.06,7.93,0
2025-11-07 02:47:28,Laptop,7.63,21.37,0.16,29.16,34.30,0
2025-11-07 02:47:28,Laptop,8.40,23.52,0.35,32.28,30.98,0
2025-11-07 02:47:28,Laptop,10.44,29.23,0.08,39.74,25.16,0
2025-11-07 02:47:28,Laptop,15.44,43.22,0.00,58.66,17.05,0
2025-11-07 02:47:28,Laptop,7.10,19.89,0.34,27.34,36.58,0
2025-11-07 02:47:28,Laptop,8.13,22.75,0.34,31.23,32.02,0
2025-11-07 02:47:28,Laptop,6.52,18.27,0.32,25.11,39.83,0
2025-11-07 02:47:28,Mobile,23.80,89.25,0.00,113.05,8.85,1
2025-11-07 02:47:28,Laptop,27.86,78.00,0.33,106.20,9.42,0
2025-11-07 02:47:28,Laptop,7.24,20.28,0.38,27.90,35.85,0
2025-11-07 02:47:28,Laptop,9.94,27.83,0.29,38.06,26.27,0
2025-11-07 02:47:28,Laptop,5.71,15.98,0.22,21.91,45.63,0
2025-11-07 02:47:28,Laptop,8.22,23.03,0.81,32.06,31.19,0
2025-11-07 02:47:28,Laptop,4.53,12.68,0.00,17.20,58.12,0
2025-11-07 02:47:29,Laptop,5.95,16.67,0.73,23.35,42.82,0
2025-11-07 02:47:29,Laptop,5.25,14.69,0.53,20.47,48.84,0
2025-11-07 02:47:29,Mobile,30.06,112.72,0.13,142.90,7.00,1
2025-11-07 02:47:29,Laptop,38.13,106.76,0.00,144.89,6.90,0
2025-11-07 02:47:29,Laptop,8.86,24.82,0.20,33.88,29.51,0
2025-11-07 02:47:29,Laptop,7.98,22.35,0.08,30.41,32.89,0
2025-11-07 02:47:29,Laptop,10.70,29.96,0.00,40.66,24.60,0
2025-11-07 02:47:29,Laptop,6.65,18.63,0.28,25.56,39.12,0
2025-11-07 02:47:29,Laptop,10.67,29.89,0.50,41.06,24.35,0
2025-11-07 02:47:29,Laptop,8.99,25.16,0.39,34.54,28.95,0
2025-11-07 02:47:29,Laptop,9.92,27.78,0.56,38.26,26.13,0
2025-11-07 02:47:29,Mobile,27.05,101.45,0.05,128.56,7.78,1
2025-11-07 02:47:29,Laptop,43.41,121.55,0.18,165.15,6.06,0
2025-11-07 02:47:29,Laptop,7.96,22.30,0.00,30.26,33.05,0
2025-11-07 02:47:29,Laptop,8.78,24.60,0.28,33.66,29.71,0
2025-11-07 02:47:29,Laptop,10.26,28.72,0.24,39.22,25.50,0
2025-11-07 02:47:30,Laptop,6.14,17.19,0.00,23.33,42.86,0
2025-11-07 02:47:30,Laptop,6.63,18.56,0.33,25.51,39.19,0
2025-11-07 02:47:30,Laptop,9.81,27.47,0.31,37.59,26.61,0
2025-11-07 02:47:30,Mobile,23.72,88.95,0.06,112.73,8.87,1
2025-11-07 02:47:30,Laptop,40.72,114.02,0.00,154.75,6.46,0
2025-11-07 02:47:30,Laptop,8.67,24.29,0.35,33.31,30.02,0
2025-11-07 02:47:30,Laptop,10.23,28.64,0.54,39.41,25.37,0
2025-11-07 02:47:30,Laptop,8.44,23.64,0.36,32.45,30.82,0
2025-11-07 02:47:30,Laptop,8.61,24.11,0.24,32.96,30.34,0
2025-11-07 02:47:30,Laptop,8.32,23.31,0.25,31.88,31.36,0
2025-11-07 02:47:30,Laptop,6.78,18.99,0.35,26.13,38.27,0
2025-11-07 02:47:30,Laptop,9.10,25.48,0.43,35.01,28.56,0
2025-11-07 02:47:30,Mobile,28.18,105.67,0.00,133.84,7.47,1
2025-11-07 02:47:30,Laptop,40.18,112.51,0.00,152.69,6.55,0
2025-11-07 02:47:30,Laptop,10.22,28.63,0.76,39.61,25.25,0
2025-11-07 02:47:31,Laptop,10.85,30.37,0.40,41.61,24.03,0
2025-11-07 02:47:31,Laptop,11.76,32.92,0.86,45.54,21.96,0
2025-11-07 02:47:31,Laptop,13.45,37.66,0.34,51.44,19.44,0
2025-11-07 02:47:31,Laptop,10.97,30.73,0.00,41.70,23.98,0
2025-11-07 02:47:31,Mobile,29.29,109.83,0.16,139.28,7.18,1
2025-11-07 02:47:31,Laptop,37.82,105.90,0.38,144.11,6.94,0
2025-11-07 02:47:31,Laptop,7.05,19.75,0.00,26.81,37.30,0
2025-11-07 02:47:31,Laptop,9.30,26.03,0.37,35.70,28.01,0
2025-11-07 02:47:31,Laptop,9.39,26.29,0.93,36.61,27.32,0
2025-11-07 02:47:31,Laptop,7.23,20.24,0.73,28.19,35.47,0
2025-11-07 02:47:31,Laptop,7.27,20.37,0.40,28.04,35.67,0
2025-11-07 02:47:31,Laptop,11.53,32.28,0.28,44.08,22.68,0
2025-11-07 02:47:31,Laptop,10.94,30.62,0.34,41.90,23.87,0
2025-11-07 02:47:31,Mobile,29.15,109.32,0.00,138.47,7.22,1
2025-11-07 02:47:31,Laptop,33.03,92.49,0.34,125.86,7.95,0
2025-11-07 02:47:32,Laptop,8.81,24.67,0.42,33.90,29.50,0
2025-11-07 02:47:32,Laptop,9.21,25.78,0.00,34.99,28.58,0
2025-11-07 02:47:32,Laptop,8.61,24.10,0.44,33.15,30.17,0
2025-11-07 02:47:32,Laptop,7.35,20.57,0.27,28.19,35.48,0
2025-11-07 02:47:32,Laptop,10.87,30.43,0.15,41.45,24.13,0
2025-11-07 02:47:32,Laptop,7.18,20.10,0.05,27.33,36.58,0
2025-11-07 02:47:32,Laptop,9.69,27.12,1.13,37.93,26.36,0
2025-11-07 02:47:32,Mobile,28.63,107.37,0.00,136.01,7.35,1
2025-11-07 02:47:32,Laptop,34.34,96.16,0.32,130.82,7.64,0
2025-11-07 02:47:32,Laptop,8.35,23.37,0.00,31.72,31.53,0
2025-11-07 02:47:32,Laptop,8.68,24.31,0.20,33.19,30.13,0
2025-11-07 02:47:32,Laptop,11.91,33.36,0.05,45.32,22.06,0
2025-11-07 02:47:32,Laptop,7.50,21.00,0.65,29.15,34.31,0
2025-11-07 02:47:32,Laptop,10.11,28.30,0.00,38.41,26.03,0
2025-11-07 02:47:32,Laptop,7.24,20.27,0.05,27.55,36.29,0
2025-11-07 02:47:32,Laptop,9.39,26.29,0.36,36.04,27.75,0
2025-11-07 02:47:32,Laptop,6.99,19.58,0.76,27.34,36.58,0
2025-11-07 02:47:33,Mobile,32.42,121.58,0.05,154.06,6.49,1
2025-11-07 02:47:33,Laptop,37.23,104.24,0.33,141.79,7.05,0
2025-11-07 02:47:33,Laptop,7.49,20.96,0.53,28.99,34.50,0
2025-11-07 02:47:33,Laptop,6.99,19.57,0.41,26.97,37.08,0
2025-11-07 02:47:33,Laptop,7.22,20.22,0.39,27.83,35.94,0
2025-11-07 02:47:33,Laptop,4.54,12.70,0.81,18.04,55.43,0
2025-11-07 02:47:33,Laptop,5.03,14.09,0.00,19.13,52.29,0
2025-11-07 02:47:33,Laptop,7.75,21.69,0.39,29.83,33.52,0
2025-11-07 02:47:33,Laptop,9.04,25.32,0.00,34.36,29.10,0
2025-11-07 02:47:33,Mobile,24.38,91.44,0.78,116.61,8.58,1
2025-11-07 02:47:33,Laptop,33.55,93.94,0.15,127.64,7.83,0
2025-11-07 02:47:33,Laptop,10.33,28.92,0.09,39.33,25.43,0
2025-11-07 02:47:33,Laptop,10.69,29.92,0.47,41.08,24.34,0
2025-11-07 02:47:33,Laptop,5.77,16.16,1.06,22.99,43.50,0
2025-11-07 02:47:33,Laptop,13.51,37.83,0.05,51.39,19.46,0
2025-11-07 02:47:33,Laptop,7.03,19.70,0.68,27.41,36.48,0
2025-11-07 02:47:33,Laptop,8.79,24.62,0.81,34.22,29.23,0
2025-11-07 02:47:34,Mobile,27.47,103.02,0.00,130.49,7.66,0
2025-11-07 02:47:34,Laptop,43.94,123.02,0.38,167.34,5.98,0
2025-11-07 02:47:34,Laptop,9.27,25.97,0.45,35.69,28.02,0
2025-11-07 02:47:34,Laptop,8.86,24.80,0.00,33.66,29.71,0
2025-11-07 02:47:34,Laptop,4.17,11.68,0.83,16.68,59.94,0
2025-11-07 02:47:34,Laptop,5.33,14.93,0.00,20.26,49.35,0
2025-11-07 02:47:34,Laptop,6.67,18.68,0.89,26.24,38.10,0
2025-11-07 02:47:34,Laptop,6.05,16.93,0.33,23.31,42.91,0
2025-11-07 02:47:34,Mobile,28.48,106.80,0.78,136.06,7.35,0
2025-11-07 02:47:34,Laptop,38.30,107.23,0.03,145.56,6.87,0
2025-11-07 02:47:34,Laptop,9.47,26.51,0.07,36.05,27.74,0
2025-11-07 02:47:34,Laptop,7.33,20.53,0.54,28.41,35.20,0
2025-11-07 02:47:34,Laptop,10.30,28.84,0.76,39.90,25.06,0
2025-11-07 02:47:34,Laptop,11.05,30.94,1.30,43.29,23.10,0
2025-11-07 02:47:35,Laptop,8.92,24.98,0.64,34.53,28.96,0
2025-11-07 02:47:35,Laptop,7.46,20.89,0.94,29.29,34.14,0
2025-11-07 02:47:35,Mobile,26.51,99.43,0.00,125.94,7.94,0
2025-11-07 02:47:35,Laptop,44.12,123.53,0.60,168.24,5.94,0
2025-11-07 02:47:35,Laptop,11.25,31.50,0.05,42.80,23.36,0
2025-11-07 02:47:35,Laptop,8.88,24.86,0.29,34.03,29.39,0
2025-11-07 02:47:35,Laptop,7.59,21.27,0.00,28.86,34.65,0
2025-11-07 02:47:35,Laptop,10.44,29.25,0.42,40.11,24.93,0
2025-11-07 02:47:35,Laptop,9.59,26.86,0.12,36.57,27.34,0
2025-11-07 02:47:35,Laptop,6.25,17.49,0.00,23.74,42.12,0
2025-11-07 02:47:35,Mobile,21.28,79.81,0.00,101.09,9.89,0
2025-11-07 02:47:35,Laptop,34.83,97.54,0.56,132.93,7.52,0
2025-11-07 02:47:35,Laptop,10.42,29.17,0.25,39.84,25.10,0
2025-11-07 02:47:35,Laptop,6.73,18.85,0.16,25.74,38.85,0
2025-11-07 02:47:35,Laptop,10.00,27.99,0.15,38.13,26.23,0
2025-11-07 02:47:36,Laptop,8.49,23.77,0.72,32.98,30.32,0
2025-11-07 02:47:36,Laptop,12.08,33.82,0.81,46.70,21.41,0
2025-11-07 02:47:36,Laptop,10.96,30.70,1.01,42.67,23.44,0
2025-11-07 02:47:36,Mobile,23.43,87.87,0.00,111.31,8.98,0
2025-11-07 02:47:36,Laptop,33.60,94.08,0.40,128.08,7.81,0
2025-11-07 02:47:36,Laptop,8.10,22.67,0.48,31.25,32.00,0
2025-11-07 02:47:36,Laptop,6.35,17.77,0.43,24.54,40.74,0
2025-11-07 02:47:36,Laptop,6.47,18.13,0.38,24.98,40.02,0
2025-11-07 02:47:36,Laptop,9.16,25.64,0.28,35.08,28.51,0
2025-11-07 02:47:36,Laptop,9.68,27.10,0.00,36.77,27.19,0
2025-11-07 02:47:36,Laptop,8.44,23.63,0.80,32.87,30.42,0
2025-11-07 02:47:36,Laptop,8.42,23.57,0.23,32.22,31.04,0
2025-11-07 02:47:36,Mobile,30.63,114.85,0.00,145.47,6.87,0
2025-11-07 02:47:36,Laptop,47.16,132.06,0.38,179.60,5.57,0
2025-11-07 02:47:36,Laptop,10.50,29.40,0.00,39.90,25.06,0
2025-11-07 02:47:37,Laptop,8.07,22.59,0.30,30.96,32.30,0
2025-11-07 02:47:37,Laptop,8.55,23.93,0.25,32.72,30.56,0
2025-11-07 02:47:37,Laptop,8.59,24.05,0.43,33.07,30.24,0
2025-11-07 02:47:37,Laptop,5.86,16.41,0.30,22.57,44.31,0
2025-11-07 02:47:37,Laptop,9.28,25.98,0.16,35.41,28.24,0
2025-11-07 02:47:37,Laptop,1.36,3.80,1.10,6.27,159.57,0
2025-11-07 02:47:37,Laptop,15.11,42.31,0.32,57.74,17.32,0
2025-11-07 02:47:37,Mobile,20.39,76.46,0.00,96.85,10.33,0
2025-11-07 02:47:37,Laptop,33.60,94.09,0.32,128.01,7.81,0
2025-11-07 02:47:37,Laptop,7.34,20.56,0.74,28.64,34.92,0
2025-11-07 02:47:37,Laptop,11.28,31.59,0.00,42.87,23.32,0
2025-11-07 02:47:37,Laptop,12.61,35.30,0.85,48.76,20.51,0
2025-11-07 02:47:37,Laptop,7.13,19.98,0.85,27.95,35.77,0
2025-11-07 02:47:37,Laptop,9.18,25.71,0.42,35.31,28.32,0
2025-11-07 02:47:37,Laptop,9.39,26.28,0.80,36.47,27.42,0
2025-11-07 02:47:38,Mobile,33.58,125.91,0.00,159.48,6.27,0
2025-11-07 02:47:38,Laptop,41.92,117.36,0.31,159.59,6.27,0
2025-11-07 02:47:38,Laptop,9.71,27.18,0.20,37.08,26.97,0
2025-11-07 02:47:38,Laptop,6.09,17.04,0.79,23.92,41.81,0
2025-11-07 02:47:38,Laptop,6.57,18.40,0.24,25.22,39.65,0
2025-11-07 02:47:38,Laptop,6.75,18.89,0.39,26.03,38.41,0
2025-11-07 02:47:38,Laptop,9.32,26.09,0.12,35.52,28.15,0
2025-11-07 02:47:38,Laptop,6.30,17.63,0.45,24.38,41.01,0
2025-11-07 02:47:38,Laptop,7.91,22.15,0.58,30.64,32.64,0
2025-11-07 02:47:38,Mobile,26.40,98.99,0.00,125.38,7.98,0
2025-11-07 02:47:38,Laptop,37.38,104.67,0.62,142.68,7.01,0
2025-11-07 02:47:38,Laptop,10.63,29.76,0.20,40.58,24.64,0
2025-11-07 02:47:38,Laptop,10.46,29.29,0.36,40.11,24.93,0
2025-11-07 02:47:38,Laptop,8.12,22.73,0.41,31.26,31.99,0
2025-11-07 02:47:38,Laptop,12.30,34.45,0.28,47.04,21.26,0
2025-11-07 02:47:38,Laptop,13.46,37.70,0.07,51.23,19.52,0
2025-11-07 02:47:39,Mobile,26.05,97.68,0.33,124.06,8.06,0
2025-11-07 02:47:39,Laptop,40.63,113.76,0.00,154.38,6.48,0
2025-11-07 02:47:39,Laptop,7.90,22.12,0.28,30.30,33.00,0
2025-11-07 02:47:39,Laptop,8.51,23.82,0.09,32.43,30.84,0
2025-11-07 02:47:39,Laptop,7.88,22.06,0.26,30.20,33.11,0
2025-11-07 02:47:39,Laptop,11.04,30.92,0.15,42.11,23.75,0
2025-11-07 02:47:39,Laptop,10.59,29.66,0.00,40.26,24.84,0
2025-11-07 02:47:39,Laptop,16.89,47.29,0.41,64.60,15.48,0
2025-11-07 02:47:39,Mobile,24.97,93.63,0.00,118.60,8.43,0
2025-11-07 02:47:39,Laptop,37.81,105.87,0.46,144.14,6.94,0
2025-11-07 02:47:39,Laptop,10.13,28.36,0.79,39.28,25.46,0
2025-11-07 02:47:39,Laptop,11.96,33.49,0.55,46.00,21.74,0
2025-11-07 02:47:39,Laptop,13.32,37.29,0.00,50.61,19.76,0
2025-11-07 02:47:39,Laptop,9.09,25.45,0.14,34.69,28.83,0
2025-11-07 02:47:40,Laptop,10.07,28.20,0.00,38.27,26.13,0
2025-11-07 02:47:40,Mobile,23.11,86.65,0.00,109.76,9.11,0
2025-11-07 02:47:40,Laptop,31.66,88.66,0.00,120.32,8.31,0
2025-11-07 02:47:40,Laptop,8.80,24.65,0.15,33.61,29.76,0
2025-11-07 02:47:40,Laptop,12.16,34.05,0.00,46.21,21.64,0
2025-11-07 02:47:40,Laptop,8.50,23.80,0.00,32.30,30.96,0
2025-11-07 02:47:40,Laptop,7.63,21.36,0.37,29.36,34.06,0
2025-11-07 02:47:40,Laptop,8.29,23.20,0.39,31.88,31.37,0
2025-11-07 02:47:40,Laptop,8.49,23.78,0.22,32.49,30.77,0
2025-11-07 02:47:40,Laptop,7.22,20.23,0.15,27.60,36.23,0
2025-11-07 02:47:40,Mobile,24.85,93.17,0.00,118.02,8.47,0
2025-11-07 02:47:40,Laptop,28.40,79.53,0.40,108.34,9.23,0
2025-11-07 02:47:40,Laptop,6.66,18.64,0.23,25.53,39.17,0
2025-11-07 02:47:40,Laptop,10.57,29.60,0.16,40.33,24.79,0
2025-11-07 02:47:40,Laptop,5.96,16.68,0.00,22.63,44.18,0
2025-11-07 02:47:40,Laptop,3.84,10.76,0.81,15.42,64.86,0
2025-11-07 02:47:40,Laptop,8.17,22.88,0.00,31.06,32.20,0
2025-11-07 02:47:41,Laptop,6.33,17.74,0.30,24.37,41.03,0
2025-11-07 02:47:41,Mobile,23.18,86.91,0.00,110.09,9.08,0
2025-11-07 02:47:41,Laptop,33.62,94.14,0.00,127.76,7.83,0
2025-11-07 02:47:41,Laptop,7.43,20.81,0.20,28.44,35.16,0
2025-11-07 02:47:41,Laptop,11.53,32.29,0.09,43.91,22.77,0
2025-11-07 02:47:41,Laptop,5.46,15.29,0.00,20.75,48.19,0
2025-11-07 02:47:41,Laptop,5.24,14.68,0.78,20.71,48.29,0
2025-11-07 02:47:41,Laptop,5.45,15.25,0.86,21.55,46.40,0
2025-11-07 02:47:41,Laptop,7.39,20.69,0.36,28.45,35.15,0
2025-11-07 02:47:41,Laptop,5.25,14.70,0.67,20.63,48.48,0
2025-11-07 02:47:41,Mobile,24.39,91.45,0.00,115.84,8.63,1
2025-11-07 02:47:41,Laptop,28.40,79.51,0.39,108.29,9.23,0
2025-11-07 02:47:41,Laptop,8.13,22.76,0.25,31.14,32.11,0
2025-11-07 02:47:41,Laptop,10.52,29.46,0.47,40.44,24.73,0
2025-11-07 02:47:41,Laptop,10.06,28.18,0.00,38.25,26.15,0
2025-11-07 02:47:41,Laptop,8.73,24.44,0.04,33.21,30.12,0
2025-11-07 02:47:41,Laptop,5.35,14.99,0.00,20.35,49.15,0
2025-11-07 02:47:42,Laptop,9.24,25.86,0.10,35.19,28.41,0
2025-11-07 02:47:42,Mobile,20.91,78.43,0.00,99.34,10.07,1
2025-11-07 02:47:42,Laptop,33.96,95.08,0.43,129.47,7.72,0
2025-11-07 02:47:42,Laptop,8.30,23.23,0.19,31.71,31.54,0
2025-11-07 02:47:42,Laptop,8.53,23.87,0.32,32.71,30.57,0
2025-11-07 02:47:42,Laptop,10.55,29.54,0.45,40.54,24.67,0
2025-11-07 02:47:42,Laptop,9.95,27.87,0.32,38.15,26.22,0
2025-11-07 02:47:42,Laptop,8.47,23.72,0.50,32.69,30.59,0
2025-11-07 02:47:42,Laptop,9.01,25.24,0.14,34.39,29.08,0
2025-11-07 02:47:42,Laptop,7.72,21.61,0.22,29.55,33.84,0
2025-11-07 02:47:42,Mobile,22.54,84.51,0.00,107.04,9.34,1
2025-11-07 02:47:42,Laptop,27.03,75.68,0.47,103.18,9.69,0
2025-11-07 02:47:42,Laptop,5.33,14.93,0.71,20.97,47.68,0
2025-11-07 02:47:42,Laptop,6.16,17.26,0.41,23.84,41.95,0
2025-11-07 02:47:42,Laptop,2.71,7.59,0.79,11.08,90.21,0
2025-11-07 02:47:42,Laptop,5.10,14.27,0.00,19.37,51.64,0
2025-11-07 02:47:43,Laptop,7.59,21.26,0.43,29.27,34.16,0
2025-11-07 02:47:43,Laptop,4.77,13.35,0.57,18.69,53.50,0
2025-11-07 02:47:43,Laptop,10.28,28.77,0.75,39.80,25.13,0
2025-11-07 02:47:43,Mobile,31.06,116.48,0.00,147.54,6.78,1
2025-11-07 02:47:43,Laptop,36.21,101.38,0.60,138.19,7.24,0
2025-11-07 02:47:43,Laptop,7.00,19.59,0.26,26.85,37.25,0
2025-11-07 02:47:43,Laptop,7.86,22.01,0.28,30.15,33.17,0
2025-11-07 02:47:43,Laptop,9.89,27.70,0.34,37.94,26.36,0
2025-11-07 02:47:43,Laptop,5.43,15.20,0.00,20.63,48.48,0
2025-11-07 02:47:43,Laptop,5.83,16.32,0.56,22.70,44.05,0
2025-11-07 02:47:43,Laptop,10.67,29.88,0.55,41.10,24.33,0
2025-11-07 02:47:43,Laptop,7.16,20.05,0.37,27.57,36.27,0
2025-11-07 02:47:43,Mobile,22.01,82.53,0.80,105.33,9.49,1
2025-11-07 02:47:43,Laptop,37.93,106.20,0.76,144.90,6.90,0
2025-11-07 02:47:43,Laptop,14.48,40.54,0.10,55.12,18.14,0
2025-11-07 02:47:43,Laptop,7.49,20.98,0.41,28.89,34.62,0
2025-11-07 02:47:44,Laptop,9.92,27.79,0.40,38.11,26.24,0
2025-11-07 02:47:44,Laptop,7.38,20.67,0.48,28.53,35.05,0
2025-11-07 02:47:44,Laptop,7.64,21.38,0.66,29.68,33.69,0
2025-11-07 02:47:44,Laptop,16.23,45.44,0.35,62.01,16.13,0
2025-11-07 02:47:44,Mobile,36.23,135.87,0.88,172.98,5.78,1
2025-11-07 02:47:44,Laptop,39.66,111.04,0.20,150.90,6.63,0
2025-11-07 02:47:44,Laptop,8.15,22.81,0.76,31.72,31.53,0
2025-11-07 02:47:44,Laptop,9.76,27.34,0.26,37.37,26.76,0
2025-11-07 02:47:44,Laptop,7.62,21.33,0.57,29.52,33.88,0
2025-11-07 02:47:44,Laptop,10.12,28.33,0.00,38.45,26.01,0
2025-11-07 02:47:44,Laptop,9.74,27.27,0.00,37.01,27.02,0
2025-11-07 02:47:44,Laptop,10.22,28.62,0.32,39.16,25.54,0
2025-11-07 02:47:44,Laptop,9.77,27.35,0.20,37.32,26.80,0
2025-11-07 02:47:44,Mobile,23.33,87.47,0.00,110.80,9.03,1
2025-11-07 02:47:45,Laptop,34.34,96.14,0.67,131.15,7.62,0
2025-11-07 02:47:45,Laptop,10.61,29.70,0.44,40.75,24.54,0
2025-11-07 02:47:45,Laptop,11.76,32.94,0.45,45.16,22.14,0
2025-11-07 02:47:45,Laptop,8.18,22.89,0.79,31.85,31.39,0
2025-11-07 02:47:45,Laptop,11.04,30.91,0.34,42.29,23.65,0
2025-11-07 02:47:45,Laptop,9.60,26.87,0.45,36.92,27.08,0
2025-11-07 02:47:45,Laptop,13.59,38.06,0.00,51.65,19.36,0
2025-11-07 02:47:45,Mobile,27.30,102.36,0.00,129.66,7.71,1
2025-11-07 02:47:45,Laptop,30.15,84.42,0.62,115.18,8.68,0
2025-11-07 02:47:45,Laptop,7.58,21.21,0.00,28.79,34.73,0
2025-11-07 02:47:45,Laptop,9.31,26.08,0.12,35.51,28.16,0
2025-11-07 02:47:45,Laptop,8.93,25.01,0.00,33.94,29.46,0
2025-11-07 02:47:45,Laptop,8.20,22.96,0.00,31.16,32.09,0
2025-11-07 02:47:45,Laptop,13.04,36.52,0.48,50.04,19.99,0
2025-11-07 02:47:45,Laptop,9.17,25.66,0.40,35.23,28.39,0
2025-11-07 02:47:46,Mobile,28.49,106.82,0.00,135.31,7.39,0
2025-11-07 02:47:46,Laptop,43.80,122.64,0.08,166.52,6.01,0
2025-11-07 02:47:46,Laptop,8.36,23.40,0.79,32.55,30.73,0
2025-11-07 02:47:46,Laptop,12.50,35.00,0.78,48.28,20.71,0
2025-11-07 02:47:46,Laptop,10.12,28.35,0.36,38.83,25.76,0
2025-11-07 02:47:46,Laptop,10.63,29.78,0.25,40.66,24.60,0
2025-11-07 02:47:46,Laptop,12.41,34.75,0.00,47.16,21.21,0
2025-11-07 02:47:46,Mobile,30.88,115.80,0.00,146.68,6.82,0
2025-11-07 02:47:46,Laptop,39.04,109.31,0.22,148.57,6.73,0
2025-11-07 02:47:46,Laptop,12.04,33.70,0.22,45.95,21.76,0
2025-11-07 02:47:46,Laptop,10.89,30.49,0.43,41.82,23.91,0
2025-11-07 02:47:46,Laptop,11.68,32.70,0.48,44.86,22.29,0
2025-11-07 02:47:46,Laptop,8.30,23.25,0.00,31.55,31.70,0
2025-11-07 02:47:46,Laptop,14.20,39.75,0.47,54.42,18.38,0
2025-11-07 02:47:47,Mobile,28.43,106.61,0.00,135.04,7.41,0
2025-11-07 02:47:47,Laptop,38.68,108.30,0.35,147.32,6.79,0
2025-11-07 02:47:47,Laptop,7.60,21.28,0.64,29.52,33.87,0
2025-11-07 02:47:47,Laptop,9.70,27.15,0.38,37.22,26.87,0
2025-11-07 02:47:47,Laptop,7.84,21.96,0.00,29.80,33.55,0
2025-11-07 02:47:47,Laptop,8.53,23.87,0.00,32.40,30.86,0
2025-11-07 02:47:47,Laptop,12.74,35.67,0.34,48.74,20.52,0
2025-11-07 02:47:47,Mobile,21.26,79.71,0.00,100.97,9.90,0
2025-11-07 02:47:47,Laptop,34.67,97.08,0.48,132.23,7.56,0
2025-11-07 02:47:47,Laptop,13.51,37.84,0.80,52.15,19.17,0
2025-11-07 02:47:47,Laptop,9.86,27.60,0.86,38.32,26.10,0
2025-11-07 02:47:47,Laptop,10.95,30.65,0.22,41.81,23.92,0
2025-11-07 02:47:47,Laptop,6.42,17.98,0.00,24.41,40.97,0
2025-11-07 02:47:47,Laptop,8.57,24.01,0.79,33.37,29.97,0
2025-11-07 02:47:48,Mobile,35.54,133.29,0.00,168.83,5.92,0
2025-11-07 02:47:48,Laptop,44.66,125.04,0.59,170.28,5.87,0
2025-11-07 02:47:48,Laptop,7.38,20.66,0.59,28.63,34.93,0
2025-11-07 02:47:48,Laptop,11.35,31.78,0.22,43.36,23.06,0
2025-11-07 02:47:48,Laptop,6.42,17.97,0.39,24.77,40.37,0
2025-11-07 02:47:48,Laptop,6.01,16.82,0.23,23.06,43.36,0
2025-11-07 02:47:48,Laptop,8.02,22.46,0.35,30.83,32.44,0
2025-11-07 02:47:48,Laptop,7.04,19.72,0.80,27.57,36.27,0
2025-11-07 02:47:48,Laptop,7.05,19.73,0.26,27.03,36.99,0
2025-11-07 02:47:48,Mobile,26.09,97.86,0.00,123.95,8.07,1
2025-11-07 02:47:48,Laptop,41.24,115.47,0.10,156.81,6.38,0
2025-11-07 02:47:48,Laptop,7.30,20.43,0.56,28.29,35.34,0
2025-11-07 02:47:48,Laptop,9.64,26.98,0.39,37.01,27.02,0
2025-11-07 02:47:48,Laptop,6.70,18.77,0.38,25.85,38.68,0
2025-11-07 02:47:48,Laptop,13.07,36.61,1.02,50.70,19.72,0
2025-11-07 02:47:49,Laptop,15.05,42.13,0.42,57.59,17.36,0
2025-11-07 02:47:49,Laptop,11.96,33.50,0.23,45.69,21.88,0
2025-11-07 02:47:49,Mobile,30.96,116.11,0.00,147.08,6.80,2
2025-11-07 02:47:49,Laptop,42.68,119.50,0.37,162.54,6.15,0
2025-11-07 02:47:49,Laptop,7.58,21.24,0.85,29.67,33.70,0
2025-11-07 02:47:49,Laptop,8.96,25.08,0.09,34.13,29.30,0
2025-11-07 02:47:49,Laptop,10.11,28.30,0.04,38.44,26.01,0
2025-11-07 02:47:49,Laptop,10.38,29.07,0.00,39.45,25.35,0
2025-11-07 02:47:49,Laptop,8.13,22.77,0.42,31.32,31.93,0
2025-11-07 02:47:49,Laptop,12.07,33.80,0.19,46.06,21.71,0
2025-11-07 02:47:49,Mobile,24.64,92.39,0.00,117.03,8.55,1
2025-11-07 02:47:49,Laptop,38.65,108.23,0.39,147.27,6.79,0
2025-11-07 02:47:49,Laptop,12.10,33.88,0.35,46.33,21.58,0
2025-11-07 02:47:49,Laptop,11.39,31.90,0.00,43.29,23.10,0
2025-11-07 02:47:49,Laptop,8.43,23.59,0.00,32.02,31.23,0
2025-11-07 02:47:50,Laptop,6.96,19.49,0.21,26.66,37.51,0
2025-11-07 02:47:50,Laptop,10.19,28.54,0.07,38.81,25.77,0
2025-11-07 02:47:50,Laptop,8.38,23.46,0.74,32.57,30.70,0
2025-11-07 02:47:50,Laptop,6.41,17.95,1.35,25.71,38.89,0
2025-11-07 02:47:50,Mobile,32.79,122.96,0.00,155.75,6.42,2
2025-11-07 02:47:50,Laptop,36.59,102.46,0.62,139.67,7.16,0
2025-11-07 02:47:50,Laptop,7.56,21.17,0.00,28.73,34.81,0
2025-11-07 02:47:50,Laptop,7.13,19.97,0.31,27.41,36.48,0
2025-11-07 02:47:50,Laptop,8.80,24.63,0.81,34.23,29.21,0
2025-11-07 02:47:50,Laptop,7.94,22.22,0.79,30.94,32.32,0
2025-11-07 02:47:50,Laptop,12.44,34.85,0.62,47.91,20.87,0
2025-11-07 02:47:50,Laptop,10.48,29.33,0.00,39.81,25.12,0
2025-11-07 02:47:50,Mobile,30.08,112.79,0.00,142.87,7.00,2
2025-11-07 02:47:50,Laptop,37.31,104.47,0.46,142.24,7.03,0
2025-11-07 02:47:51,Laptop,6.99,19.56,0.39,26.93,37.13,0
2025-11-07 02:47:51,Laptop,11.09,31.06,0.38,42.54,23.51,0
2025-11-07 02:47:51,Laptop,8.37,23.42,0.00,31.79,31.46,0
2025-11-07 02:47:51,Laptop,8.71,24.38,0.25,33.33,30.00,0
2025-11-07 02:47:51,Laptop,10.85,30.38,0.22,41.45,24.12,0
2025-11-07 02:47:51,Laptop,7.30,20.43,0.00,27.73,36.06,0
2025-11-07 02:47:51,Laptop,11.98,33.55,0.23,45.76,21.85,0
2025-11-07 02:47:51,Mobile,26.38,98.94,1.64,126.97,7.88,2
2025-11-07 02:47:51,Laptop,36.97,103.50,0.47,140.94,7.10,0
2025-11-07 02:47:51,Laptop,8.54,23.91,0.62,33.07,30.24,0
2025-11-07 02:47:51,Laptop,11.16,31.25,0.74,43.15,23.17,0
2025-11-07 02:47:51,Laptop,9.23,25.85,0.60,35.68,28.03,0
2025-11-07 02:47:51,Laptop,12.02,33.66,0.00,45.68,21.89,0
2025-11-07 02:47:51,Laptop,7.65,21.41,0.88,29.93,33.41,0
2025-11-07 02:47:51,Laptop,12.38,34.66,0.50,47.54,21.04,0
2025-11-07 02:47:52,Laptop,14.67,41.08,0.88,56.63,17.66,0
2025-11-07 02:47:52,Laptop,9.22,25.81,0.12,35.16,28.44,0
2025-11-07 02:47:52,Mobile,30.90,115.87,0.00,146.77,6.81,2
2025-11-07 02:47:52,Laptop,38.04,106.52,0.72,145.28,6.88,0
2025-11-07 02:47:52,Laptop,6.52,18.25,0.78,25.55,39.14,0
2025-11-07 02:47:52,Laptop,8.78,24.59,0.88,34.25,29.20,0
2025-11-07 02:47:52,Laptop,11.64,32.59,0.26,44.49,22.48,0
2025-11-07 02:47:52,Laptop,10.09,28.24,0.46,38.79,25.78,0
2025-11-07 02:47:52,Laptop,9.49,26.56,0.32,36.36,27.50,0
2025-11-07 02:47:52,Laptop,4.71,13.18,0.00,17.89,55.91,0
2025-11-07 02:47:52,Laptop,11.97,33.53,0.40,45.90,21.79,0
2025-11-07 02:47:52,Mobile,20.81,78.04,0.86,99.71,10.03,2
2025-11-07 02:47:52,Laptop,36.74,102.86,0.63,140.23,7.13,0
2025-11-07 02:47:52,Laptop,6.96,19.49,0.00,26.45,37.81,0
2025-11-07 02:47:52,Laptop,7.72,21.62,0.37,29.72,33.65,0
2025-11-07 02:47:52,Laptop,9.79,27.41,0.40,37.60,26.60,0
2025-11-07 02:47:52,Laptop,10.13,28.36,0.13,38.61,25.90,0
2025-11-07 02:47:53,Laptop,6.55,18.35,0.00,24.90,40.16,0
2025-11-07 02:47:53,Laptop,9.28,25.99,0.00,35.28,28.35,0
2025-11-07 02:47:53,Laptop,6.26,17.52,0.80,24.58,40.69,0
2025-11-07 02:47:53,Laptop,8.21,22.98,0.41,31.60,31.65,0
2025-11-07 02:47:53,Mobile,33.31,124.91,0.00,158.22,6.32,2
2025-11-07 02:47:53,Laptop,43.56,121.97,0.33,165.86,6.03,0
2025-11-07 02:47:53,Laptop,8.49,23.77,0.36,32.61,30.66,0
2025-11-07 02:47:53,Laptop,10.06,28.17,0.29,38.52,25.96,0
2025-11-07 02:47:53,Laptop,8.05,22.54,0.44,31.03,32.23,0
2025-11-07 02:47:53,Laptop,4.51,12.64,0.44,17.59,56.84,0
2025-11-07 02:47:53,Laptop,3.88,10.85,0.75,15.48,64.60,0
2025-11-07 02:47:53,Laptop,9.33,26.12,0.00,35.45,28.21,0
2025-11-07 02:47:53,Laptop,6.32,17.70,0.40,24.42,40.94,0
2025-11-07 02:47:53,Laptop,10.15,28.41,0.19,38.75,25.80,0
2025-11-07 02:47:53,Laptop,3.96,11.08,0.68,15.71,63.65,0
2025-11-07 02:47:54,Mobile,30.47,114.27,0.00,144.74,6.91,2
2025-11-07 02:47:54,Laptop,41.98,117.55,0.02,159.56,6.27,0
2025-11-07 02:47:54,Laptop,9.97,27.91,0.38,38.26,26.14,0
2025-11-07 02:47:54,Laptop,9.95,27.86,0.79,38.60,25.91,0
2025-11-07 02:47:54,Laptop,18.96,53.09,0.71,72.76,13.74,0
2025-11-07 02:47:54,Laptop,8.49,23.78,0.42,32.69,30.59,0
2025-11-07 02:47:54,Laptop,7.95,22.26,0.00,30.21,33.10,0
2025-11-07 02:47:54,Laptop,10.58,29.63,0.03,40.24,24.85,0
2025-11-07 02:47:54,Mobile,23.00,86.25,0.80,110.05,9.09,2
2025-11-07 02:47:54,Laptop,34.89,97.68,0.34,132.91,7.52,0
2025-11-07 02:47:54,Laptop,10.43,29.19,0.10,39.72,25.18,0
2025-11-07 02:47:54,Laptop,10.35,28.99,0.47,39.82,25.11,0
2025-11-07 02:47:54,Laptop,9.39,26.30,0.00,35.70,28.01,0
2025-11-07 02:47:54,Laptop,5.95,16.66,0.00,22.62,44.22,0
2025-11-07 02:47:54,Laptop,6.37,17.83,0.00,24.20,41.33,0
2025-11-07 02:47:54,Laptop,8.10,22.68,0.12,30.90,32.36,0
2025-11-07 02:47:55,Laptop,6.09,17.04,0.93,24.06,41.56,0
2025-11-07 02:47:55,Mobile,23.81,89.27,0.00,113.08,8.84,2
2025-11-07 02:47:55,Laptop,27.13,75.96,0.21,103.30,9.68,0
2025-11-07 02:47:55,Laptop,10.53,29.49,0.54,40.56,24.65,0
2025-11-07 02:47:55,Laptop,7.38,20.66,0.31,28.36,35.27,0
2025-11-07 02:47:55,Laptop,4.79,13.43,0.00,18.22,54.88,0
2025-11-07 02:47:55,Laptop,8.26,23.14,0.15,31.55,31.70,0
2025-11-07 02:47:55,Laptop,7.87,22.05,0.34,30.27,33.04,0
2025-11-07 02:47:55,Laptop,4.35,12.19,0.78,17.33,57.72,0
2025-11-07 02:47:55,Laptop,4.71,13.19,0.85,18.75,53.34,0
2025-11-07 02:47:55,Mobile,23.32,87.44,0.00,110.76,9.03,2
2025-11-07 02:47:55,Laptop,28.05,78.54,0.32,106.90,9.35,0
2025-11-07 02:47:55,Laptop,7.42,20.78,0.81,29.01,34.47,0
2025-11-07 02:47:55,Laptop,13.92,38.97,0.07,52.96,18.88,0
2025-11-07 02:47:55,Laptop,13.43,37.60,0.00,51.03,19.60,0
2025-11-07 02:47:55,Laptop,7.37,20.65,0.00,28.02,35.68,0
2025-11-07 02:47:56,Laptop,8.42,23.58,0.26,32.26,31.00,0
2025-11-07 02:47:56,Laptop,9.41,26.35,0.39,36.16,27.66,0
2025-11-07 02:47:56,Mobile,24.34,91.27,0.32,115.93,8.63,2
2025-11-07 02:47:56,Laptop,39.01,109.24,0.38,148.63,6.73,0
2025-11-07 02:47:56,Laptop,6.92,19.37,0.52,26.81,37.30,0
2025-11-07 02:47:56,Laptop,4.98,13.94,0.00,18.92,52.85,0
2025-11-07 02:47:56,Laptop,5.40,15.13,0.00,20.53,48.71,0
2025-11-07 02:47:56,Laptop,3.05,8.55,0.85,12.46,80.29,0
2025-11-07 02:47:56,Laptop,8.14,22.78,0.63,31.54,31.70,0
2025-11-07 02:47:56,Laptop,8.96,25.10,0.49,34.55,28.94,0
2025-11-07 02:47:56,Mobile,22.07,82.76,0.68,105.51,9.48,2
2025-11-07 02:47:56,Laptop,33.65,94.22,0.38,128.25,7.80,0
2025-11-07 02:47:56,Laptop,10.48,29.34,0.07,39.89,25.07,0
2025-11-07 02:47:56,Laptop,10.45,29.26,0.00,39.72,25.18,0
2025-11-07 02:47:56,Laptop,9.81,27.47,0.09,37.37,26.76,0
2025-11-07 02:47:56,Laptop,7.12,19.95,0.39,27.46,36.41,0
2025-11-07 02:47:57,Laptop,10.30,28.83,0.05,39.18,25.52,0
2025-11-07 02:47:57,Laptop,6.95,19.47,0.00,26.42,37.85,0
2025-11-07 02:47:57,Laptop,9.47,26.53,0.33,36.33,27.52,0
2025-11-07 02:47:57,Mobile,26.43,99.12,0.00,125.56,7.96,2
2025-11-07 02:47:57,Laptop,39.02,109.25,0.37,148.63,6.73,0
2025-11-07 02:47:57,Laptop,5.82,16.31,0.48,22.62,44.22,0
2025-11-07 02:47:57,Laptop,7.18,20.11,0.29,27.59,36.24,0
2025-11-07 02:47:57,Laptop,8.63,24.17,0.35,33.15,30.17,0
2025-11-07 02:47:57,Laptop,11.36,31.80,0.00,43.16,23.17,0
2025-11-07 02:47:57,Laptop,6.54,18.32,0.10,24.96,40.06,0
2025-11-07 02:47:57,Laptop,10.13,28.35,0.00,38.48,25.99,0
2025-11-07 02:47:57,Laptop,9.99,27.97,0.37,38.33,26.09,0
2025-11-07 02:47:57,Mobile,28.72,107.69,0.00,136.40,7.33,2
2025-11-07 02:47:57,Laptop,40.22,112.63,0.25,153.10,6.53,0
2025-11-07 02:47:57,Laptop,5.17,14.49,0.75,20.42,48.98,0
2025-11-07 02:47:58,Laptop,12.38,34.66,0.73,47.77,20.93,0
2025-11-07 02:47:58,Laptop,9.09,25.44,0.00,34.53,28.96,0
2025-11-07 02:47:58,Laptop,11.83,33.12,0.46,45.41,22.02,0
2025-11-07 02:47:58,Laptop,9.74,27.28,0.19,37.21,26.88,0
2025-11-07 02:47:58,Laptop,8.22,23.02,0.12,31.37,31.88,0
2025-11-07 02:47:58,Laptop,13.96,39.10,0.42,53.48,18.70,0
2025-11-07 02:47:58,Mobile,39.01,146.28,0.00,185.28,5.40,2
2025-11-07 02:47:58,Laptop,49.86,139.61,0.30,189.77,5.27,0
2025-11-07 02:47:58,Laptop,7.48,20.96,0.28,28.72,34.82,0
2025-11-07 02:47:58,Laptop,10.61,29.72,0.28,40.61,24.63,0
2025-11-07 02:47:58,Laptop,7.50,21.00,0.15,28.65,34.90,0
2025-11-07 02:47:58,Laptop,9.53,26.68,0.00,36.21,27.62,0
2025-11-07 02:47:58,Laptop,6.17,17.27,0.00,23.43,42.67,0
2025-11-07 02:47:58,Laptop,11.47,32.11,0.20,43.78,22.84,0
2025-11-07 02:47:58,Laptop,13.66,38.24,0.00,51.89,19.27,0
2025-11-07 02:47:59,Mobile,29.25,109.68,0.00,138.93,7.20,0
2025-11-07 02:47:59,Laptop,31.50,88.21,0.59,120.30,8.31,0
2025-11-07 02:47:59,Laptop,4.97,13.93,0.76,19.67,50.84,0
2025-11-07 02:47:59,Laptop,13.24,37.06,0.56,50.86,19.66,0
2025-11-07 02:47:59,Laptop,19.13,53.58,0.00,72.71,13.75,0
2025-11-07 02:47:59,Laptop,16.21,45.38,0.77,62.35,16.04,0
2025-11-07 02:47:59,Mobile,25.61,96.03,0.00,121.64,8.22,0
2025-11-07 02:47:59,Laptop,38.44,107.65,0.62,146.71,6.82,0
2025-11-07 02:47:59,Laptop,6.67,18.67,0.72,26.06,38.37,0
2025-11-07 02:47:59,Laptop,13.52,37.84,0.36,51.71,19.34,0
2025-11-07 02:47:59,Laptop,11.27,31.56,0.32,43.16,23.17,0
2025-11-07 02:47:59,Laptop,10.79,30.20,0.27,41.26,24.23,0
2025-11-07 02:47:59,Laptop,12.39,34.68,0.22,47.28,21.15,0
2025-11-07 02:47:59,Mobile,21.59,80.95,0.00,102.53,9.75,0
2025-11-07 02:48:00,Laptop,37.03,103.68,0.45,141.16,7.08,0
2025-11-07 02:48:00,Laptop,8.27,23.15,0.30,31.72,31.52,0
2025-11-07 02:48:00,Laptop,10.63,29.78,0.27,40.69,24.58,0
2025-11-07 02:48:00,Laptop,9.51,26.62,0.77,36.90,27.10,0
2025-11-07 02:48:00,Laptop,14.27,39.96,0.00,54.23,18.44,0
2025-11-07 02:48:00,Laptop,14.81,41.47,0.40,56.68,17.64,0
2025-11-07 02:48:00,Mobile,26.48,99.29,0.04,125.81,7.95,0
2025-11-07 02:48:00,Laptop,30.87,86.42,0.44,117.73,8.49,0
2025-11-07 02:48:00,Laptop,12.31,34.46,0.86,47.63,21.00,0
2025-11-07 02:48:00,Laptop,7.32,20.50,0.80,28.61,34.95,0
2025-11-07 02:48:00,Laptop,9.48,26.53,0.62,36.63,27.30,0
2025-11-07 02:48:00,Laptop,7.87,22.04,0.14,30.06,33.27,0
2025-11-07 02:48:00,Laptop,14.05,39.34,0.00,53.39,18.73,0
2025-11-07 02:48:01,Mobile,32.69,122.59,0.00,155.29,6.44,0
2025-11-07 02:48:01,Laptop,45.03,126.07,0.00,171.10,5.84,0
2025-11-07 02:48:01,Laptop,7.33,20.52,0.05,27.90,35.85,0
2025-11-07 02:48:01,Laptop,10.32,28.89,0.08,39.29,25.45,0
2025-11-07 02:48:01,Laptop,8.55,23.93,0.00,32.48,30.79,0
2025-11-07 02:48:01,Laptop,6.22,17.41,0.44,24.06,41.56,0
2025-11-07 02:48:01,Laptop,8.53,23.90,0.46,32.89,30.41,0
2025-11-07 02:48:01,Laptop,14.70,41.15,0.24,56.09,17.83,0
2025-11-07 02:48:01,Laptop,7.64,21.40,0.32,29.36,34.06,0
2025-11-07 02:48:01,Laptop,6.78,19.00,0.39,26.17,38.21,0
2025-11-07 02:48:01,Mobile,33.12,124.22,0.00,157.34,6.36,0
2025-11-07 02:48:01,Laptop,46.55,130.35,0.43,177.33,5.64,0
2025-11-07 02:48:01,Laptop,10.29,28.81,1.27,40.38,24.77,0
2025-11-07 02:48:01,Laptop,10.01,28.02,0.00,38.03,26.29,0
2025-11-07 02:48:01,Laptop,11.59,32.44,0.37,44.40,22.52,0
2025-11-07 02:48:02,Laptop,8.51,23.84,0.84,33.19,30.13,0
2025-11-07 02:48:02,Mobile,30.72,115.19,0.00,145.91,6.85,0
2025-11-07 02:48:02,Laptop,47.60,133.27,0.80,181.67,5.50,0
2025-11-07 02:48:02,Laptop,8.60,24.07,0.47,33.14,30.18,0
2025-11-07 02:48:02,Laptop,10.22,28.62,0.00,38.85,25.74,0
2025-11-07 02:48:02,Laptop,14.36,40.21,0.00,54.57,18.33,0
2025-11-07 02:48:02,Laptop,10.09,28.26,0.23,38.58,25.92,0
2025-11-07 02:48:02,Laptop,10.46,29.30,0.53,40.29,24.82,0
2025-11-07 02:48:02,Laptop,9.58,26.84,0.22,36.64,27.29,0
2025-11-07 02:48:02,Mobile,21.86,81.98,0.00,103.84,9.63,1
2025-11-07 02:48:02,Laptop,40.23,112.65,0.80,153.68,6.51,0
2025-11-07 02:48:02,Laptop,8.26,23.14,0.39,31.79,31.46,0
2025-11-07 02:48:02,Laptop,10.06,28.17,0.41,38.64,25.88,0
2025-11-07 02:48:02,Laptop,14.88,41.67,0.00,56.56,17.68,0
2025-11-07 02:48:03,Laptop,9.74,27.26,0.00,36.99,27.03,0
2025-11-07 02:48:03,Laptop,8.68,24.32,0.30,33.30,30.03,0
2025-11-07 02:48:03,Laptop,12.24,34.26,0.32,46.81,21.36,0
2025-11-07 02:48:03,Mobile,32.57,122.13,0.00,154.70,6.46,1
2025-11-07 02:48:03,Laptop,49.83,139.53,0.00,189.36,5.28,0
2025-11-07 02:48:03,Laptop,12.22,34.23,0.12,46.57,21.47,0
2025-11-07 02:48:03,Laptop,10.08,28.22,0.41,38.72,25.83,0
2025-11-07 02:48:03,Laptop,6.41,17.96,0.00,24.37,41.03,0
2025-11-07 02:48:03,Laptop,11.80,33.03,0.00,44.83,22.31,0
2025-11-07 02:48:03,Laptop,10.54,29.51,0.46,40.51,24.69,0
2025-11-07 02:48:03,Laptop,8.86,24.81,0.78,34.45,29.03,0
2025-11-07 02:48:03,Mobile,32.52,121.97,0.00,154.49,6.47,0
2025-11-07 02:48:03,Laptop,38.50,107.80,0.18,146.47,6.83,0
2025-11-07 02:48:03,Laptop,12.21,34.18,0.78,47.17,21.20,0
2025-11-07 02:48:04,Laptop,7.87,22.03,0.84,30.74,32.53,0
2025-11-07 02:48:04,Laptop,7.42,20.78,0.95,29.16,34.30,0
2025-11-07 02:48:04,Laptop,12.86,36.00,0.46,49.31,20.28,0
2025-11-07 02:48:04,Laptop,12.18,34.10,0.97,47.25,21.16,0
2025-11-07 02:48:04,Mobile,32.94,123.53,0.00,156.47,6.39,1
2025-11-07 02:48:04,Laptop,48.90,136.91,0.46,186.27,5.37,0
2025-11-07 02:48:04,Laptop,14.91,41.75,0.79,57.46,17.40,0
2025-11-07 02:48:04,Laptop,11.29,31.63,0.29,43.21,23.14,0
2025-11-07 02:48:04,Laptop,8.66,24.24,0.21,33.11,30.20,0
2025-11-07 02:48:04,Laptop,7.80,21.85,0.31,29.96,33.38,0
2025-11-07 02:48:04,Laptop,10.78,30.19,0.80,41.76,23.94,0
2025-11-07 02:48:04,Laptop,10.99,30.78,0.31,42.08,23.77,0
2025-11-07 02:48:04,Laptop,12.54,35.11,0.20,47.85,20.90,0
2025-11-07 02:48:05,Mobile,32.22,120.83,0.00,153.05,6.53,0
2025-11-07 02:48:05,Laptop,37.72,105.62,0.32,143.66,6.96,0
2025-11-07 02:48:05,Laptop,12.08,33.83,0.00,45.92,21.78,0
2025-11-07 02:48:05,Laptop,9.69,27.12,0.05,36.86,27.13,0
2025-11-07 02:48:05,Laptop,8.96,25.08,0.00,34.04,29.37,0
2025-11-07 02:48:05,Laptop,12.93,36.20,0.84,49.97,20.01,0
2025-11-07 02:48:05,Laptop,10.80,30.25,0.99,42.03,23.79,0
2025-11-07 02:48:05,Laptop,9.83,27.51,0.61,37.95,26.35,0
2025-11-07 02:48:05,Mobile,21.05,78.92,0.00,99.96,10.00,0
2025-11-07 02:48:05,Laptop,38.37,107.43,0.55,146.35,6.83,0
2025-11-07 02:48:05,Laptop,8.45,23.67,0.44,32.56,30.71,0
2025-11-07 02:48:05,Laptop,7.08,19.82,1.26,28.15,35.52,0
2025-11-07 02:48:05,Laptop,10.63,29.76,0.00,40.39,24.76,0
2025-11-07 02:48:05,Laptop,14.94,41.83,0.26,57.02,17.54,0
2025-11-07 02:48:06,Laptop,5.72,16.01,0.84,22.56,44.32,0
2025-11-07 02:48:06,Mobile,28.63,107.37,0.00,136.00,7.35,0
2025-11-07 02:48:06,Laptop,41.56,116.35,0.20,158.11,6.32,0
2025-11-07 02:48:06,Laptop,7.15,20.02,0.78,27.95,35.78,0
2025-11-07 02:48:06,Laptop,13.74,38.47,0.29,52.50,19.05,0
2025-11-07 02:48:06,Laptop,9.10,25.48,1.00,35.58,28.10,0
2025-11-07 02:48:06,Laptop,6.79,19.02,1.05,26.87,37.22,0
2025-11-07 02:48:06,Laptop,11.89,33.30,0.11,45.30,22.07,0
2025-11-07 02:48:06,Mobile,22.96,86.09,0.00,109.04,9.17,0
2025-11-07 02:48:06,Laptop,33.81,94.67,0.36,128.84,7.76,0
2025-11-07 02:48:06,Laptop,9.49,26.57,0.85,36.91,27.10,0
2025-11-07 02:48:06,Laptop,10.65,29.82,0.00,40.47,24.71,0
2025-11-07 02:48:06,Laptop,12.94,36.24,0.00,49.19,20.33,0
2025-11-07 02:48:06,Laptop,10.33,28.93,0.77,40.04,24.98,0
2025-11-07 02:48:07,Laptop,12.95,36.25,0.61,49.81,20.08,0
2025-11-07 02:48:07,Mobile,25.79,96.72,0.00,122.52,8.16,0
2025-11-07 02:48:07,Laptop,43.15,120.81,0.93,164.89,6.06,0
2025-11-07 02:48:07,Laptop,12.82,35.89,0.17,48.88,20.46,0
2025-11-07 02:48:07,Laptop,10.22,28.61,0.78,39.60,25.25,0
2025-11-07 02:48:07,Laptop,8.31,23.26,0.76,32.32,30.94,0
2025-11-07 02:48:07,Laptop,6.85,19.18,0.81,26.84,37.26,0
2025-11-07 02:48:07,Laptop,13.94,39.04,0.00,52.98,18.87,0
2025-11-07 02:48:07,Mobile,24.61,92.30,0.80,117.71,8.50,0
2025-11-07 02:48:07,Laptop,37.33,104.54,0.15,142.02,7.04,0
2025-11-07 02:48:07,Laptop,9.39,26.31,0.34,36.04,27.74,0
2025-11-07 02:48:07,Laptop,8.76,24.54,0.47,33.78,29.61,0
2025-11-07 02:48:07,Laptop,10.47,29.32,0.18,39.98,25.02,0
2025-11-07 02:48:07,Laptop,11.95,33.45,0.00,45.40,22.03,0
2025-11-07 02:48:07,Laptop,7.94,22.23,0.20,30.37,32.93,0
2025-11-07 02:48:08,Laptop,8.99,25.18,0.00,34.18,29.26,0
2025-11-07 02:48:08,Mobile,32.17,120.64,0.00,152.82,6.54,0
2025-11-07 02:48:08,Laptop,41.51,116.23,0.35,158.09,6.33,0
2025-11-07 02:48:08,Laptop,7.06,19.76,0.77,27.59,36.25,0
2025-11-07 02:48:08,Laptop,9.54,26.72,0.69,36.95,27.06,0
2025-11-07 02:48:08,Laptop,9.23,25.84,1.15,36.22,27.61,0
2025-11-07 02:48:08,Laptop,11.20,31.35,0.02,42.56,23.49,0
2025-11-07 02:48:08,Laptop,8.49,23.78,0.14,32.42,30.84,0
2025-11-07 02:48:08,Laptop,6.53,18.29,0.80,25.62,39.03,0
2025-11-07 02:48:08,Laptop,7.67,21.49,0.20,29.36,34.06,0
2025-11-07 02:48:08,Laptop,9.05,25.33,0.73,35.11,28.48,0
2025-11-07 02:48:08,Mobile,33.43,125.36,0.00,158.79,6.30,0
2025-11-07 02:48:08,Laptop,42.23,118.25,0.00,160.48,6.23,0
2025-11-07 02:48:08,Laptop,10.57,29.61,0.11,40.29,24.82,0
2025-11-07 02:48:09,Laptop,7.35,20.58,1.05,28.99,34.50,0
2025-11-07 02:48:09,Laptop,10.58,29.62,0.34,40.53,24.67,0
2025-11-07 02:48:09,Laptop,9.76,27.32,0.38,37.46,26.70,0
2025-11-07 02:48:09,Laptop,6.19,17.33,0.39,23.91,41.83,0
2025-11-07 02:48:09,Laptop,6.59,18.45,0.40,25.44,39.31,0
2025-11-07 02:48:09,Laptop,5.19,14.53,0.80,20.52,48.73,0
2025-11-07 02:48:09,Laptop,5.65,15.81,0.49,21.95,45.56,0
2025-11-07 02:48:09,Laptop,6.26,17.54,0.00,23.80,42.02,0
2025-11-07 02:48:09,Mobile,27.75,104.05,0.00,131.79,7.59,0
2025-11-07 02:48:09,Laptop,28.47,79.73,0.89,109.09,9.17,0
2025-11-07 02:48:09,Laptop,5.61,15.72,0.70,22.03,45.40,0
2025-11-07 02:48:09,Laptop,8.55,23.95,1.11,33.61,29.75,0
2025-11-07 02:48:09,Laptop,10.12,28.33,0.64,39.08,25.59,0
2025-11-07 02:48:09,Laptop,10.64,29.78,0.23,40.65,24.60,0
2025-11-07 02:48:09,Laptop,5.86,16.42,0.79,23.07,43.34,0
2025-11-07 02:48:09,Laptop,8.18,22.91,0.35,31.44,31.81,0
2025-11-07 02:48:09,Laptop,9.46,26.50,0.40,36.35,27.51,0
2025-11-07 02:48:10,Laptop,7.70,21.56,0.56,29.82,33.54,0
2025-11-07 02:48:10,Laptop,9.06,25.37,0.37,34.79,28.74,0
2025-11-07 02:48:10,Laptop,8.02,22.47,0.94,31.43,31.82,0
2025-11-07 02:48:10,Laptop,7.53,21.09,0.00,28.62,34.95,0
2025-11-07 02:48:10,Laptop,11.84,33.16,0.00,45.01,22.22,0
2025-11-07 02:48:10,Laptop,7.86,22.01,0.39,30.26,33.04,0
2025-11-07 02:48:10,Laptop,9.81,27.46,0.07,37.33,26.78,0
2025-11-07 02:48:10,Laptop,6.79,19.02,0.38,26.19,38.18,0
2025-11-07 02:48:10,Laptop,9.76,27.33,0.36,37.46,26.70,0
2025-11-07 02:48:10,Laptop,4.84,13.56,1.02,19.42,51.49,0
2025-11-07 02:48:10,Laptop,3.82,10.68,0.82,15.32,65.28,0
2025-11-07 02:48:10,Laptop,7.42,20.77,0.57,28.76,34.77,0
2025-11-07 02:48:10,Mobile,33.00,123.76,0.00,156.76,6.38,0
2025-11-07 02:48:10,Laptop,36.11,101.11,0.84,138.06,7.24,0
2025-11-07 02:48:10,Laptop,10.13,28.37,0.00,38.50,25.98,0
2025-11-07 02:48:10,Laptop,7.77,21.75,0.46,29.98,33.36,0
2025-11-07 02:48:11,Laptop,6.47,18.12,0.84,25.43,39.33,0
2025-11-07 02:48:11,Laptop,11.01,30.84,0.00,41.85,23.90,0
2025-11-07 02:48:11,Laptop,12.40,34.72,1.14,48.26,20.72,0
2025-11-07 02:48:11,Laptop,9.43,26.42,0.47,36.32,27.53,0
2025-11-07 02:48:11,Laptop,9.13,25.57,0.98,35.68,28.02,0
2025-11-07 02:48:11,Laptop,9.70,27.16,0.27,37.14,26.93,0
2025-11-07 02:48:11,Laptop,10.95,30.65,0.10,41.69,23.98,0
2025-11-07 02:48:11,Laptop,10.81,30.28,0.21,41.29,24.22,0
2025-11-07 02:48:11,Laptop,9.84,27.55,0.37,37.76,26.48,0
2025-11-07 02:48:11,Laptop,9.46,26.50,0.21,36.17,27.65,0
2025-11-07 02:48:11,Laptop,4.55,12.74,0.73,18.02,55.49,0
2025-11-07 02:48:11,Mobile,31.82,119.32,0.00,151.14,6.62,0
2025-11-07 02:48:11,Laptop,41.59,116.46,0.00,158.05,6.33,0
2025-11-07 02:48:11,Laptop,6.67,18.67,0.53,25.87,38.65,0
2025-11-07 02:48:11,Laptop,9.15,25.63,0.71,35.48,28.18,0
2025-11-07 02:48:12,Laptop,10.41,29.16,0.00,39.58,25.27,0
2025-11-07 02:48:12,Laptop,9.10,25.48,0.26,34.84,28.71,0
2025-11-07 02:48:12,Laptop,8.38,23.46,0.12,31.96,31.29,0
2025-11-07 02:48:12,Laptop,9.39,26.29,0.43,36.11,27.69,0
2025-11-07 02:48:12,Laptop,13.77,38.55,0.21,52.54,19.03,0
2025-11-07 02:48:12,Laptop,10.09,28.26,0.00,38.35,26.08,0
2025-11-07 02:48:12,Laptop,10.53,29.49,0.00,40.02,24.99,0
2025-11-07 02:48:12,Laptop,11.05,30.95,0.33,42.33,23.62,0
2025-11-07 02:48:12,Laptop,8.77,24.56,0.37,33.70,29.67,0
2025-11-07 02:48:12,Laptop,4.15,11.62,0.00,15.77,63.41,0
2025-11-07 02:48:12,Laptop,8.73,24.46,0.00,33.19,30.13,0
2025-11-07 02:48:12,Mobile,25.16,94.35,0.00,119.51,8.37,0
2025-11-07 02:48:12,Laptop,41.08,115.02,0.27,156.38,6.39,0
2025-11-07 02:48:12,Laptop,10.61,29.70,0.00,40.31,24.81,0
2025-11-07 02:48:12,Laptop,7.64,21.39,0.56,29.59,33.80,0
2025-11-07 02:48:12,Laptop,7.17,20.06,0.04,27.27,36.67,0
2025-11-07 02:48:13,Laptop,7.60,21.28,1.16,30.03,33.30,0
2025-11-07 02:48:13,Laptop,8.76,24.52,0.16,33.43,29.91,0
2025-11-07 02:48:13,Laptop,4.13,11.57,0.78,16.48,60.66,0
2025-11-07 02:48:13,Laptop,9.77,27.36,0.44,37.56,26.62,0
2025-11-07 02:48:13,Laptop,8.84,24.75,0.20,33.79,29.59,0
2025-11-07 02:48:13,Laptop,5.57,15.60,0.00,21.17,47.24,0
2025-11-07 02:48:13,Laptop,6.98,19.54,0.35,26.87,37.22,0
2025-11-07 02:48:13,Laptop,14.11,39.50,0.78,54.39,18.39,0
2025-11-07 02:48:13,Laptop,7.23,20.24,0.00,27.47,36.41,0
2025-11-07 02:48:13,Laptop,10.16,28.44,0.00,38.60,25.91,0
2025-11-07 02:48:13,Laptop,6.09,17.05,0.35,23.49,42.57,0
2025-11-07 02:48:13,Mobile,34.91,130.91,0.42,166.24,6.02,0
2025-11-07 02:48:13,Laptop,52.43,146.80,0.42,199.65,5.01,0
2025-11-07 02:48:13,Laptop,2.39,6.70,0.79,9.89,101.10,0
2025-11-07 02:48:13,Laptop,7.80,21.83,0.64,30.26,33.04,0
2025-11-07 02:48:13,Laptop,12.05,33.75,0.18,45.98,21.75,0
2025-11-07 02:48:14,Laptop,11.60,32.48,0.87,44.94,22.25,0
2025-11-07 02:48:14,Laptop,8.49,23.77,0.00,32.26,31.00,0
2025-11-07 02:48:14,Laptop,9.48,26.54,0.41,36.44,27.44,0
2025-11-07 02:48:14,Mobile,29.12,109.22,0.00,138.34,7.23,0
2025-11-07 02:48:14,Laptop,46.43,129.99,0.45,176.87,5.65,0
2025-11-07 02:48:14,Laptop,11.09,31.06,0.00,42.15,23.73,0
2025-11-07 02:48:14,Laptop,11.83,33.13,0.14,45.11,22.17,0
2025-11-07 02:48:14,Laptop,9.05,25.34,0.00,34.39,29.08,0
2025-11-07 02:48:14,Laptop,9.66,27.05,0.26,36.97,27.05,0
2025-11-07 02:48:14,Laptop,6.95,19.46,0.94,27.35,36.56,0
2025-11-07 02:48:14,Laptop,10.61,29.70,0.00,40.30,24.81,0
2025-11-07 02:48:14,Mobile,25.88,97.06,0.04,122.98,8.13,0
2025-11-07 02:48:14,Laptop,35.08,98.22,0.00,133.30,7.50,0
2025-11-07 02:48:14,Laptop,8.49,23.78,0.05,32.32,30.94,0
2025-11-07 02:48:15,Laptop,9.67,27.09,0.58,37.34,26.78,0
2025-11-07 02:48:15,Laptop,9.21,25.78,0.57,35.56,28.12,0
2025-11-07 02:48:15,Laptop,7.23,20.25,0.76,28.25,35.40,0
2025-11-07 02:48:15,Laptop,25.12,70.33,0.39,95.84,10.43,0
2025-11-07 02:48:15,Mobile,28.36,106.35,0.05,134.76,7.42,0
2025-11-07 02:48:15,Laptop,35.49,99.38,0.42,135.29,7.39,0
2025-11-07 02:48:15,Laptop,6.40,17.92,0.29,24.61,40.64,0
2025-11-07 02:48:15,Laptop,9.52,26.65,0.37,36.54,27.37,0
2025-11-07 02:48:15,Laptop,10.67,29.86,0.31,40.84,24.49,0
2025-11-07 02:48:15,Laptop,11.90,33.31,0.00,45.21,22.12,0
2025-11-07 02:48:15,Laptop,11.49,32.18,0.00,43.68,22.90,0
2025-11-07 02:48:15,Laptop,10.56,29.56,0.53,40.65,24.60,0
2025-11-07 02:48:15,Mobile,24.80,92.99,0.00,117.79,8.49,0
2025-11-07 02:48:15,Laptop,35.29,98.82,0.30,134.41,7.44,0
2025-11-07 02:48:16,Laptop,11.35,31.77,0.83,43.95,22.75,0
2025-11-07 02:48:16,Laptop,11.02,30.85,0.63,42.50,23.53,0
2025-11-07 02:48:16,Laptop,12.51,35.04,0.49,48.04,20.82,1
2025-11-07 02:48:16,Laptop,8.16,22.86,0.00,31.02,32.23,0
2025-11-07 02:48:16,Laptop,10.18,28.50,0.37,39.05,25.61,0
2025-11-07 02:48:16,Mobile,37.48,140.57,0.00,178.05,5.62,1
2025-11-07 02:48:16,Laptop,57.06,159.78,0.00,216.84,4.61,0
2025-11-07 02:48:16,Laptop,9.08,25.41,0.21,34.70,28.82,0
2025-11-07 02:48:16,Laptop,8.86,24.81,0.23,33.90,29.50,0
2025-11-07 02:48:16,Laptop,9.37,26.23,0.10,35.70,28.01,0
2025-11-07 02:48:16,Laptop,6.34,17.75,0.81,24.90,40.17,0
2025-11-07 02:48:16,Laptop,8.92,24.99,0.00,33.91,29.49,0
2025-11-07 02:48:16,Laptop,9.41,26.36,0.10,35.87,27.87,0
2025-11-07 02:48:16,Laptop,12.09,33.84,0.79,46.72,21.40,0
2025-11-07 02:48:17,Mobile,30.04,112.65,0.00,142.69,7.01,1
2025-11-07 02:48:17,Laptop,41.60,116.47,0.30,158.38,6.31,0
2025-11-07 02:48:17,Laptop,8.83,24.73,1.07,34.63,28.87,0
2025-11-07 02:48:17,Laptop,8.18,22.91,0.72,31.82,31.43,0
2025-11-07 02:48:17,Laptop,8.13,22.77,0.31,31.22,32.03,0
2025-11-07 02:48:17,Laptop,7.40,20.73,1.20,29.33,34.09,0
2025-11-07 02:48:17,Laptop,19.11,53.51,0.87,73.48,13.61,0
2025-11-07 02:48:17,Mobile,26.95,101.05,0.00,128.00,7.81,0
2025-11-07 02:48:17,Laptop,37.22,104.22,0.47,141.92,7.05,0
2025-11-07 02:48:17,Laptop,6.86,19.20,0.77,26.83,37.27,0
2025-11-07 02:48:17,Laptop,8.04,22.52,0.55,31.11,32.15,0
2025-11-07 02:48:17,Laptop,10.33,28.91,0.76,40.00,25.00,0
2025-11-07 02:48:17,Laptop,6.45,18.07,0.73,25.25,39.61,0
2025-11-07 02:48:17,Laptop,10.95,30.65,0.37,41.97,23.83,0
2025-11-07 02:48:18,Mobile,22.78,85.41,0.00,108.19,9.24,0
2025-11-07 02:48:18,Laptop,39.19,109.72,0.45,149.36,6.70,0
2025-11-07 02:48:18,Laptop,9.93,27.79,0.28,38.00,26.32,0
2025-11-07 02:48:18,Laptop,12.50,34.99,0.33,47.81,20.92,0
2025-11-07 02:48:18,Laptop,8.51,23.83,0.79,33.13,30.18,0
2025-11-07 02:48:18,Laptop,8.77,24.55,0.69,34.01,29.41,0
2025-11-07 02:48:18,Laptop,11.78,32.99,0.00,44.77,22.34,0
2025-11-07 02:48:18,Laptop,8.90,24.91,0.00,33.81,29.58,0
2025-11-07 02:48:18,Mobile,28.38,106.44,0.00,134.83,7.42,0
2025-11-07 02:48:18,Laptop,38.90,108.91,0.81,148.62,6.73,0
2025-11-07 02:48:18,Laptop,10.58,29.64,0.79,41.01,24.38,0
2025-11-07 02:48:18,Laptop,8.85,24.77,0.88,34.49,28.99,0
2025-11-07 02:48:18,Laptop,11.03,30.89,0.58,42.50,23.53,0
2025-11-07 02:48:18,Laptop,11.22,31.41,0.12,42.74,23.40,0
2025-11-07 02:48:19,Laptop,12.20,34.17,0.81,47.18,21.20,0
2025-11-07 02:48:19,Mobile,35.95,134.80,0.00,170.75,5.86,0
2025-11-07 02:48:19,Laptop,43.28,121.18,0.34,164.81,6.07,0
2025-11-07 02:48:19,Laptop,8.48,23.74,0.15,32.37,30.89,0
2025-11-07 02:48:19,Laptop,10.34,28.95,0.00,39.28,25.46,0
2025-11-07 02:48:19,Laptop,8.87,24.83,0.71,34.42,29.06,0
2025-11-07 02:48:19,Laptop,9.65,27.01,0.00,36.66,27.28,0
2025-11-07 02:48:19,Laptop,8.90,24.91,0.39,34.20,29.24,0
2025-11-07 02:48:19,Laptop,10.81,30.27,0.33,41.41,24.15,0
2025-11-07 02:48:19,Laptop,10.35,28.98,0.65,39.99,25.01,0
2025-11-07 02:48:19,Laptop,9.78,27.40,0.26,37.44,26.71,0
2025-11-07 02:48:19,Laptop,14.24,39.87,0.00,54.11,18.48,0
2025-11-07 02:48:19,Laptop,10.14,28.40,0.55,39.09,25.58,0
2025-11-07 02:48:19,Laptop,9.00,25.19,0.80,34.99,28.58,0
2025-11-07 02:48:20,Laptop,13.65,38.23,0.80,52.68,18.98,0
2025-11-07 02:48:20,Laptop,7.63,21.36,1.02,30.01,33.33,0
2025-11-07 02:48:20,Laptop,9.06,25.37,0.82,35.25,28.37,0
2025-11-07 02:48:20,Laptop,12.92,36.18,0.55,49.65,20.14,0
2025-11-07 02:48:20,Laptop,10.77,30.16,0.53,41.47,24.12,0
2025-11-07 02:48:20,Laptop,14.76,41.33,0.76,56.85,17.59,0
2025-11-07 02:48:20,Laptop,8.75,24.50,0.00,33.25,30.08,0
2025-11-07 02:48:20,Laptop,6.45,18.06,0.74,25.26,39.59,0
2025-11-07 02:48:20,Laptop,10.50,29.39,0.04,39.93,25.05,0
2025-11-07 02:48:20,Laptop,8.11,22.70,0.40,31.21,32.04,0
2025-11-07 02:48:20,Laptop,7.18,20.09,0.50,27.76,36.02,0
2025-11-07 02:48:20,Laptop,9.19,25.72,0.51,35.42,28.23,0
2025-11-07 02:48:20,Mobile,33.18,124.43,0.00,157.61,6.34,0
2025-11-07 02:48:20,Laptop,41.52,116.26,0.54,158.32,6.32,0
2025-11-07 02:48:20,Laptop,9.19,25.73,0.48,35.41,28.24,0
2025-11-07 02:48:21,Laptop,6.88,19.27,0.94,27.08,36.92,0
2025-11-07 02:48:21,Laptop,10.80,30.23,1.01,42.04,23.78,0
2025-11-07 02:48:21,Laptop,5.36,15.00,1.24,21.60,46.31,0
2025-11-07 02:48:21,Laptop,9.93,27.82,0.00,37.75,26.49,0
2025-11-07 02:48:21,Laptop,8.57,23.99,0.34,32.90,30.40,0
2025-11-07 02:48:21,Laptop,8.83,24.73,0.43,34.00,29.42,0
2025-11-07 02:48:21,Laptop,10.28,28.80,0.80,39.88,25.07,0
2025-11-07 02:48:21,Laptop,11.84,33.14,0.06,45.03,22.21,0
2025-11-07 02:48:21,Laptop,12.51,35.03,0.37,47.91,20.87,0
2025-11-07 02:48:21,Laptop,8.55,23.93,0.19,32.67,30.61,0
2025-11-07 02:48:21,Laptop,18.09,50.65,0.00,68.74,14.55,0
2025-11-07 02:48:21,Mobile,28.13,105.48,0.00,133.60,7.48,0
2025-11-07 02:48:21,Laptop,37.30,104.44,0.38,142.12,7.04,0
2025-11-07 02:48:21,Laptop,10.87,30.45,0.19,41.51,24.09,0
2025-11-07 02:48:21,Laptop,12.66,35.44,0.00,48.09,20.79,0
2025-11-07 02:48:21,Laptop,10.72,30.01,0.46,41.18,24.28,0
2025-11-07 02:48:22,Laptop,7.80,21.84,0.64,30.28,33.03,0
2025-11-07 02:48:22,Laptop,9.59,26.86,0.36,36.82,27.16,0
2025-11-07 02:48:22,Laptop,9.51,26.63,0.41,36.55,27.36,0
2025-11-07 02:48:22,Laptop,8.72,24.41,0.39,33.51,29.84,0
2025-11-07 02:48:22,Laptop,10.58,29.62,0.06,40.25,24.84,0
2025-11-07 02:48:22,Laptop,5.32,14.91,0.00,20.23,49.43,0
2025-11-07 02:48:22,Laptop,7.42,20.76,0.00,28.18,35.49,0
2025-11-07 02:48:22,Laptop,9.97,27.91,0.36,38.24,26.15,0
2025-11-07 02:48:22,Laptop,6.27,17.57,0.46,24.30,41.15,0
2025-11-07 02:48:22,Laptop,10.24,28.66,0.04,38.94,25.68,0
2025-11-07 02:48:22,Laptop,6.55,18.35,0.81,25.71,38.90,0
2025-11-07 02:48:22,Mobile,26.86,100.72,0.00,127.58,7.84,0
2025-11-07 02:48:22,Laptop,30.95,86.66,0.20,117.82,8.49,0
2025-11-07 02:48:22,Laptop,9.52,26.67,0.25,36.45,27.44,0
2025-11-07 02:48:22,Laptop,9.86,27.59,0.38,37.83,26.44,0
2025-11-07 02:48:22,Laptop,12.46,34.90,0.00,47.36,21.11,0
2025-11-07 02:48:23,Laptop,8.73,24.43,0.75,33.91,29.49,0
2025-11-07 02:48:23,Laptop,9.73,27.26,0.38,37.37,26.76,0
2025-11-07 02:48:23,Laptop,9.31,26.06,0.30,35.67,28.04,0
2025-11-07 02:48:23,Laptop,5.81,16.26,0.00,22.07,45.31,0
2025-11-07 02:48:23,Laptop,7.27,20.36,0.00,27.63,36.20,0
2025-11-07 02:48:23,Laptop,6.14,17.18,0.55,23.87,41.89,0
2025-11-07 02:48:23,Laptop,9.24,25.86,0.00,35.09,28.50,0
2025-11-07 02:48:23,Laptop,4.02,11.24,0.65,15.91,62.85,0
2025-11-07 02:48:23,Laptop,6.00,16.80,1.00,23.79,42.04,0
2025-11-07 02:48:23,Laptop,10.03,28.09,0.38,38.50,25.98,0
2025-11-07 02:48:23,Laptop,9.00,25.20,0.34,34.55,28.95,0
2025-11-07 02:48:23,Mobile,21.51,80.67,0.00,102.19,9.79,0
2025-11-07 02:48:23,Laptop,35.92,100.57,0.25,136.73,7.31,0
2025-11-07 02:48:23,Laptop,11.26,31.53,0.13,42.92,23.30,0
2025-11-07 02:48:23,Laptop,6.83,19.11,0.00,25.94,38.55,0
2025-11-07 02:48:23,Laptop,8.94,25.04,0.20,34.19,29.25,0
2025-11-07 02:48:23,Laptop,9.27,25.96,0.92,36.16,27.66,0
2025-11-07 02:48:24,Laptop,10.19,28.52,0.00,38.71,25.83,0
2025-11-07 02:48:24,Laptop,10.75,30.10,0.30,41.14,24.30,0
2025-11-07 02:48:24,Laptop,10.59,29.65,0.00,40.24,24.85,0
2025-11-07 02:48:24,Laptop,6.20,17.36,0.00,23.55,42.45,0
2025-11-07 02:48:24,Laptop,11.17,31.27,0.29,42.72,23.41,0
2025-11-07 02:48:24,Laptop,5.99,16.76,0.00,22.75,43.95,0
2025-11-07 02:48:24,Laptop,9.93,27.82,0.34,38.09,26.25,0
2025-11-07 02:48:24,Laptop,9.63,26.96,0.34,36.93,27.08,0
2025-11-07 02:48:24,Laptop,4.02,11.26,0.78,16.05,62.29,0
2025-11-07 02:48:24,Laptop,6.25,17.50,0.00,23.75,42.11,0
2025-11-07 02:48:24,Laptop,7.32,20.50,0.47,28.29,35.34,0
2025-11-07 02:48:24,Mobile,24.46,91.74,0.00,116.21,8.61,0
2025-11-07 02:48:24,Laptop,38.70,108.37,0.78,147.85,6.76,0
2025-11-07 02:48:24,Laptop,10.43,29.20,0.06,39.69,25.20,0
2025-11-07 02:48:24,Laptop,8.28,23.18,0.35,31.81,31.44,0
2025-11-07 02:48:25,Laptop,14.03,39.29,0.32,53.65,18.64,0
2025-11-07 02:48:25,Laptop,15.19,42.53,0.00,57.72,17.32,0
2025-11-07 02:48:25,Laptop,10.30,28.84,0.76,39.90,25.06,0
2025-11-07 02:48:25,Laptop,10.27,28.74,0.44,39.45,25.35,0
2025-11-07 02:48:25,Laptop,11.43,32.01,0.00,43.44,23.02,0
2025-11-07 02:48:25,Laptop,13.23,37.05,0.05,50.33,19.87,0
2025-11-07 02:48:25,Laptop,10.60,29.67,0.28,40.55,24.66,0
2025-11-07 02:48:25,Laptop,11.45,32.07,0.00,43.53,22.97,0
2025-11-07 02:48:25,Laptop,10.53,29.49,0.19,40.22,24.86,0
2025-11-07 02:48:25,Laptop,13.87,38.83,0.00,52.69,18.98,0
2025-11-07 02:48:25,Laptop,11.27,31.56,0.32,43.15,23.18,0
2025-11-07 02:48:25,Mobile,25.66,96.23,0.00,121.89,8.20,0
2025-11-07 02:48:25,Laptop,36.48,102.16,0.44,139.08,7.19,0
2025-11-07 02:48:25,Laptop,12.33,34.52,0.56,47.40,21.10,0
2025-11-07 02:48:25,Laptop,11.86,33.22,0.80,45.89,21.79,0
2025-11-07 02:48:25,Laptop,7.65,21.43,0.81,29.89,33.45,0
2025-11-07 02:48:26,Laptop,8.76,24.54,1.12,34.42,29.06,0
2025-11-07 02:48:26,Laptop,13.21,36.98,0.76,50.94,19.63,0
2025-11-07 02:48:26,Laptop,9.95,27.87,0.41,38.24,26.15,0
2025-11-07 02:48:26,Laptop,10.90,30.51,0.00,41.41,24.15,0
2025-11-07 02:48:26,Laptop,10.13,28.36,0.59,39.08,25.59,0
2025-11-07 02:48:26,Laptop,8.88,24.85,0.36,34.08,29.34,0
2025-11-07 02:48:26,Laptop,8.49,23.77,0.00,32.26,30.99,0
2025-11-07 02:48:26,Laptop,11.34,31.75,1.15,44.24,22.61,0
2025-11-07 02:48:26,Laptop,12.14,34.00,0.52,46.67,21.43,0
2025-11-07 02:48:26,Laptop,10.38,29.06,1.13,40.57,24.65,0
2025-11-07 02:48:26,Mobile,31.96,119.87,0.00,151.83,6.59,0
2025-11-07 02:48:26,Laptop,46.20,129.37,0.36,175.94,5.68,0
2025-11-07 02:48:26,Laptop,9.73,27.24,0.36,37.32,26.79,0
2025-11-07 02:48:26,Laptop,10.71,29.98,0.28,40.96,24.41,0
2025-11-07 02:48:26,Laptop,12.55,35.13,0.00,47.67,20.98,0
2025-11-07 02:48:27,Laptop,12.91,36.14,0.88,49.93,20.03,0
2025-11-07 02:48:27,Laptop,14.63,40.96,0.83,56.42,17.72,0
2025-11-07 02:48:27,Mobile,29.11,109.17,0.78,139.07,7.19,0
2025-11-07 02:48:27,Laptop,42.86,120.02,0.38,163.26,6.13,0
2025-11-07 02:48:27,Laptop,8.08,22.61,0.00,30.69,32.58,0
2025-11-07 02:48:27,Laptop,15.99,44.78,0.62,61.39,16.29,0
2025-11-07 02:48:27,Laptop,7.78,21.80,0.36,29.94,33.40,0
2025-11-07 02:48:27,Laptop,11.30,31.65,0.26,43.20,23.15,0
2025-11-07 02:48:27,Laptop,9.62,26.93,0.05,36.60,27.32,0
2025-11-07 02:48:27,Laptop,14.70,41.17,0.81,56.68,17.64,0
2025-11-07 02:48:27,Mobile,35.01,131.27,0.00,166.28,6.01,0
2025-11-07 02:48:27,Laptop,43.89,122.88,0.89,167.67,5.96,0
2025-11-07 02:48:28,Laptop,8.33,23.31,0.20,31.83,31.41,0
2025-11-07 02:48:28,Laptop,7.56,21.16,0.55,29.26,34.17,0
2025-11-07 02:48:28,Laptop,11.47,32.11,0.46,44.04,22.71,0
2025-11-07 02:48:28,Laptop,6.46,18.09,0.69,25.24,39.62,0
2025-11-07 02:48:28,Laptop,7.78,21.78,0.10,29.66,33.72,0
2025-11-07 02:48:28,Laptop,5.51,15.44,0.39,21.35,46.84,0
2025-11-07 02:48:28,Mobile,27.70,103.86,0.00,131.56,7.60,0
2025-11-07 02:48:28,Laptop,41.15,115.21,0.33,156.69,6.38,0
2025-11-07 02:48:28,Laptop,9.47,26.51,0.35,36.32,27.53,0
2025-11-07 02:48:28,Laptop,10.31,28.88,0.45,39.64,25.23,0
2025-11-07 02:48:28,Laptop,7.21,20.17,0.46,27.84,35.93,0
2025-11-07 02:48:28,Laptop,8.54,23.92,0.07,32.54,30.73,0
2025-11-07 02:48:28,Laptop,10.45,29.25,1.11,40.81,24.50,0
2025-11-07 02:48:28,Laptop,11.77,32.95,0.78,45.50,21.98,0
2025-11-07 02:48:29,Mobile,34.65,129.92,0.00,164.57,6.08,0
2025-11-07 02:48:29,Laptop,44.17,123.68,0.58,168.43,5.94,0
2025-11-07 02:48:29,Laptop,9.43,26.40,0.34,36.16,27.65,0
2025-11-07 02:48:29,Laptop,9.55,26.73,0.10,36.37,27.49,0
2025-11-07 02:48:29,Laptop,20.63,57.77,0.78,79.18,12.63,0
2025-11-07 02:48:29,Laptop,8.39,23.48,0.54,32.41,30.86,0
2025-11-07 02:48:29,Laptop,8.05,22.54,0.98,31.56,31.68,0
2025-11-07 02:48:29,Mobile,28.85,108.19,0.00,137.04,7.30,0
2025-11-07 02:48:29,Laptop,36.23,101.44,0.34,138.00,7.25,0
2025-11-07 02:48:29,Laptop,11.85,33.17,0.00,45.01,22.21,0
2025-11-07 02:48:29,Laptop,9.43,26.40,0.05,35.88,27.87,0
2025-11-07 02:48:29,Laptop,7.25,20.30,0.34,27.88,35.86,0
2025-11-07 02:48:29,Laptop,8.23,23.04,0.55,31.82,31.43,0
2025-11-07 02:48:29,Laptop,10.95,30.66,0.34,41.94,23.84,0
2025-11-07 02:48:29,Laptop,11.55,32.33,0.12,44.00,22.73,0
2025-11-07 02:48:30,Mobile,28.75,107.80,0.00,136.55,7.32,0
2025-11-07 02:48:30,Laptop,38.90,108.93,0.47,148.31,6.74,0
2025-11-07 02:48:30,Laptop,13.55,37.95,0.41,51.91,19.26,0
2025-11-07 02:48:30,Laptop,8.28,23.18,0.00,31.45,31.79,0
2025-11-07 02:48:30,Laptop,13.09,36.65,0.55,50.30,19.88,0
2025-11-07 02:48:30,Laptop,7.97,22.31,0.80,31.08,32.17,0
2025-11-07 02:48:30,Laptop,8.59,24.06,0.91,33.57,29.79,0
2025-11-07 02:48:30,Mobile,27.31,102.40,0.00,129.71,7.71,0
2025-11-07 02:48:30,Laptop,41.06,114.97,0.24,156.27,6.40,0
2025-11-07 02:48:30,Laptop,7.54,21.12,0.16,28.83,34.68,0
2025-11-07 02:48:30,Laptop,10.87,30.44,0.00,41.31,24.21,0
2025-11-07 02:48:30,Laptop,9.15,25.61,0.27,35.03,28.54,0
2025-11-07 02:48:30,Laptop,10.27,28.74,0.08,39.09,25.58,0
2025-11-07 02:48:30,Laptop,7.20,20.17,0.80,28.18,35.49,0
2025-11-07 02:48:31,Laptop,11.12,31.15,0.34,42.61,23.47,0
2025-11-07 02:48:31,Mobile,37.13,139.23,0.00,176.36,5.67,0
2025-11-07 02:48:31,Laptop,50.04,140.11,0.28,190.43,5.25,0
2025-11-07 02:48:31,Laptop,7.42,20.78,0.39,28.59,34.97,0
2025-11-07 02:48:31,Laptop,10.03,28.08,0.79,38.89,25.71,0
2025-11-07 02:48:31,Laptop,8.94,25.03,0.70,34.67,28.85,0
2025-11-07 02:48:31,Laptop,12.85,35.98,0.00,48.83,20.48,0
2025-11-07 02:48:31,Laptop,7.51,21.04,0.64,29.20,34.25,0
2025-11-07 02:48:31,Laptop,11.15,31.23,0.65,43.02,23.24,0
2025-11-07 02:48:31,Mobile,32.79,122.97,0.00,155.76,6.42,0
2025-11-07 02:48:31,Laptop,52.63,147.36,0.05,200.03,5.00,0
2025-11-07 02:48:31,Laptop,12.03,33.68,0.74,46.45,21.53,0
2025-11-07 02:48:31,Laptop,12.37,34.63,0.08,47.09,21.24,0
2025-11-07 02:48:32,Laptop,10.69,29.93,0.00,40.62,24.62,0
2025-11-07 02:48:32,Laptop,8.74,24.48,0.00,33.23,30.10,0
2025-11-07 02:48:32,Laptop,9.73,27.26,0.00,36.99,27.03,0
2025-11-07 02:48:32,Laptop,9.21,25.79,0.52,35.53,28.15,0
2025-11-07 02:48:32,Mobile,36.76,137.87,0.00,174.63,5.73,0
2025-11-07 02:48:32,Laptop,56.28,157.59,0.00,213.88,4.68,0
2025-11-07 02:48:32,Laptop,11.31,31.67,0.00,42.98,23.27,0
2025-11-07 02:48:32,Laptop,9.59,26.84,0.10,36.52,27.38,0
2025-11-07 02:48:32,Laptop,8.49,23.77,0.26,32.52,30.75,0
2025-11-07 02:48:32,Laptop,6.80,19.03,0.00,25.83,38.72,0
2025-11-07 02:48:32,Laptop,9.90,27.72,0.10,37.71,26.52,0
2025-11-07 02:48:32,Laptop,6.04,16.91,0.47,23.42,42.70,0
2025-11-07 02:48:32,Mobile,30.79,115.45,0.00,146.24,6.84,0
2025-11-07 02:48:33,Laptop,49.72,139.22,0.78,189.71,5.27,0
2025-11-07 02:48:33,Laptop,7.99,22.39,0.99,31.37,31.88,0
2025-11-07 02:48:33,Laptop,8.09,22.64,0.81,31.54,31.71,0
2025-11-07 02:48:33,Laptop,11.84,33.15,0.79,45.78,21.84,0
2025-11-07 02:48:33,Laptop,8.02,22.46,0.05,30.53,32.76,0
2025-11-07 02:48:33,Laptop,9.05,25.33,0.23,34.61,28.90,0
2025-11-07 02:48:33,Laptop,9.28,25.97,0.00,35.25,28.37,0
2025-11-07 02:48:33,Mobile,30.50,114.39,0.00,144.90,6.90,0
2025-11-07 02:48:33,Laptop,41.59,116.46,0.39,158.44,6.31,0
2025-11-07 02:48:33,Laptop,11.60,32.49,0.23,44.32,22.56,0
2025-11-07 02:48:33,Laptop,6.39,17.88,0.25,24.52,40.78,0
2025-11-07 02:48:33,Laptop,6.51,18.23,0.28,25.02,39.96,0
2025-11-07 02:48:33,Laptop,10.37,29.03,0.73,40.12,24.93,0
2025-11-07 02:48:33,Laptop,10.02,28.05,0.59,38.66,25.87,0
2025-11-07 02:48:34,Mobile,31.83,119.37,0.00,151.20,6.61,0
2025-11-07 02:48:34,Laptop,45.46,127.30,0.72,173.48,5.76,0
2025-11-07 02:48:34,Laptop,13.56,37.96,0.00,51.52,19.41,0
2025-11-07 02:48:34,Laptop,8.36,23.40,1.22,32.97,30.33,0
2025-11-07 02:48:34,Laptop,11.00,30.79,0.18,41.97,23.83,0
2025-11-07 02:48:34,Laptop,8.87,24.83,1.08,34.78,28.76,0
2025-11-07 02:48:34,Mobile,34.44,129.17,0.00,163.61,6.11,0
2025-11-07 02:48:34,Laptop,50.43,141.19,0.42,192.04,5.21,0
2025-11-07 02:48:34,Laptop,11.90,33.33,0.39,45.62,21.92,0
2025-11-07 02:48:34,Laptop,10.43,29.21,0.00,39.64,25.23,0
2025-11-07 02:48:34,Laptop,7.96,22.29,0.00,30.25,33.06,0
2025-11-07 02:48:34,Laptop,7.05,19.73,0.00,26.78,37.34,0
2025-11-07 02:48:34,Laptop,7.98,22.35,0.50,30.84,32.43,0
2025-11-07 02:48:34,Laptop,10.37,29.03,0.15,39.55,25.28,0
2025-11-07 02:48:34,Laptop,7.31,20.47,0.40,28.18,35.48,0
2025-11-07 02:48:35,Laptop,6.03,16.89,0.00,22.93,43.61,0
2025-11-07 02:48:35,Mobile,23.66,88.73,0.00,112.39,8.90,0
2025-11-07 02:48:35,Laptop,34.22,95.82,0.63,130.67,7.65,0
2025-11-07 02:48:35,Laptop,10.21,28.58,0.43,39.22,25.50,0
2025-11-07 02:48:35,Laptop,10.27,28.75,0.48,39.49,25.32,0
2025-11-07 02:48:35,Laptop,7.37,20.63,0.39,28.39,35.22,0
2025-11-07 02:48:35,Laptop,9.40,26.32,0.21,35.93,27.83,0
2025-11-07 02:48:35,Laptop,6.76,18.93,0.38,26.08,38.35,0
2025-11-07 02:48:35,Mobile,22.80,85.50,0.00,108.30,9.23,0
2025-11-07 02:48:35,Laptop,37.18,104.11,0.34,141.63,7.06,0
2025-11-07 02:48:35,Laptop,7.22,20.23,0.33,27.79,35.99,0
2025-11-07 02:48:35,Laptop,6.68,18.70,0.40,25.77,38.80,0
2025-11-07 02:48:35,Laptop,15.35,42.99,0.00,58.34,17.14,0
2025-11-07 02:48:35,Laptop,8.43,23.61,0.16,32.21,31.04,0
2025-11-07 02:48:35,Laptop,12.40,34.72,0.63,47.75,20.94,0
2025-11-07 02:48:35,Laptop,12.65,35.43,0.58,48.67,20.55,0
2025-11-07 02:48:36,Mobile,22.54,84.52,0.00,107.06,9.34,0
2025-11-07 02:48:36,Laptop,35.12,98.33,0.51,133.95,7.47,0
2025-11-07 02:48:36,Laptop,9.08,25.41,0.48,34.96,28.60,0
2025-11-07 02:48:36,Laptop,10.68,29.89,0.00,40.57,24.65,0
2025-11-07 02:48:36,Laptop,6.87,19.22,0.25,26.34,37.96,0
2025-11-07 02:48:36,Laptop,7.24,20.26,0.36,27.86,35.90,0
2025-11-07 02:48:36,Laptop,6.83,19.13,0.41,26.36,37.93,0
2025-11-07 02:48:36,Laptop,11.30,31.63,0.21,43.14,23.18,0
2025-11-07 02:48:36,Mobile,25.26,94.73,0.00,119.99,8.33,0
2025-11-07 02:48:36,Laptop,33.29,93.22,0.38,126.89,7.88,0
2025-11-07 02:48:36,Laptop,7.76,21.74,0.75,30.26,33.05,0
2025-11-07 02:48:36,Laptop,7.98,22.35,0.47,30.80,32.47,0
2025-11-07 02:48:36,Laptop,7.92,22.17,0.23,30.32,32.98,0
2025-11-07 02:48:36,Laptop,10.15,28.41,0.08,38.63,25.88,0
2025-11-07 02:48:36,Laptop,8.46,23.68,0.47,32.60,30.67,0
2025-11-07 02:48:36,Laptop,10.59,29.64,0.28,40.51,24.69,0
2025-11-07 02:48:36,Laptop,7.60,21.28,0.00,28.88,34.62,0
2025-11-07 02:48:37,Laptop,7.86,22.01,0.37,30.23,33.08,0
2025-11-07 02:48:37,Laptop,5.27,14.76,0.88,20.91,47.83,0
2025-11-07 02:48:37,Laptop,6.14,17.20,0.34,23.69,42.21,0
2025-11-07 02:48:37,Laptop,6.61,18.51,0.77,25.89,38.63,0
2025-11-07 02:48:37,Laptop,6.53,18.29,0.30,25.12,39.81,0
2025-11-07 02:48:37,Laptop,9.66,27.05,0.37,37.08,26.97,0
2025-11-07 02:48:37,Laptop,8.30,23.23,0.20,31.73,31.52,0
2025-11-07 02:48:37,Laptop,7.05,19.73,0.41,27.19,36.78,0
2025-11-07 02:48:37,Laptop,7.14,19.99,0.43,27.55,36.30,0
2025-11-07 02:48:37,Laptop,7.52,21.05,0.05,28.62,34.94,0
2025-11-07 02:48:37,Laptop,8.12,22.75,0.87,31.74,31.51,0
2025-11-07 02:48:37,Laptop,12.33,34.53,0.18,47.04,21.26,0
2025-11-07 02:48:37,Laptop,8.74,24.48,0.66,33.88,29.52,0
2025-11-07 02:48:37,Laptop,8.10,22.67,0.14,30.91,32.35,0
2025-11-07 02:48:37,Laptop,5.35,14.98,0.00,20.33,49.18,0
2025-11-07 02:48:37,Laptop,8.12,22.73,0.19,31.04,32.22,0
2025-11-07 02:48:37,Laptop,7.55,21.15,0.04,28.74,34.80,0
2025-11-07 02:48:37,Laptop,6.54,18.31,0.00,24.85,40.25,0
2025-11-07 02:48:37,Laptop,8.10,22.67,0.38,31.15,32.11,0
2025-11-07 02:48:37,Laptop,7.65,21.42,0.00,29.07,34.40,0
2025-11-07 02:48:37,Laptop,6.74,18.87,0.39,26.00,38.46,0
2025-11-07 02:48:38,Laptop,9.15,25.62,0.48,35.25,28.37,0
2025-11-07 02:48:38,Laptop,6.12,17.12,0.80,24.04,41.60,0
2025-11-07 02:48:38,Laptop,12.33,34.54,0.36,47.23,21.17,0
2025-11-07 02:48:38,Laptop,9.17,25.67,0.12,34.96,28.60,0
2025-11-07 02:48:38,Laptop,6.97,19.52,0.45,26.94,37.12,0
2025-11-07 02:48:38,Laptop,9.66,27.04,0.27,36.98,27.04,0
2025-11-07 02:48:38,Laptop,8.83,24.73,0.00,33.57,29.79,0
2025-11-07 02:48:38,Laptop,7.93,22.20,0.12,30.25,33.06,0
2025-11-07 02:48:38,Laptop,7.38,20.65,0.49,28.52,35.06,0
2025-11-07 02:48:38,Laptop,10.30,28.83,0.13,39.26,25.47,0
2025-11-07 02:48:38,Laptop,7.05,19.74,0.32,27.11,36.89,0
2025-11-07 02:48:38,Laptop,7.43,20.79,0.44,28.66,34.90,0
2025-11-07 02:48:38,Laptop,8.79,24.61,0.35,33.75,29.63,0
2025-11-07 02:48:38,Laptop,6.38,17.87,0.63,24.89,40.18,0
2025-11-07 02:48:38,Laptop,14.14,39.58,0.00,53.72,18.62,0
2025-11-07 02:48:38,Laptop,12.42,34.78,0.70,47.90,20.87,0
2025-11-07 02:48:38,Laptop,9.30,26.04,0.79,36.12,27.68,0
2025-11-07 02:48:39,Laptop,8.26,23.14,1.04,32.44,30.83,0
2025-11-07 02:48:39,Laptop,13.63,38.17,0.41,52.21,19.15,0
2025-11-07 02:48:39,Laptop,9.53,26.69,0.00,36.22,27.61,0
2025-11-07 02:48:39,Laptop,10.67,29.87,0.26,40.80,24.51,0
2025-11-07 02:48:39,Laptop,11.12,31.14,0.72,42.98,23.27,0
2025-11-07 02:48:39,Laptop,8.04,22.50,0.00,30.54,32.75,0
2025-11-07 02:48:39,Laptop,10.71,29.99,0.70,41.40,24.15,0
2025-11-07 02:48:39,Laptop,17.32,48.49,0.74,66.54,15.03,0
2025-11-07 02:48:39,Laptop,9.32,26.10,0.43,35.84,27.90,0
2025-11-07 02:48:39,Laptop,10.26,28.72,0.00,38.97,25.66,0
2025-11-07 02:48:39,Laptop,8.61,24.10,0.08,32.79,30.50,0
2025-11-07 02:48:39,Laptop,7.90,22.13,0.00,30.03,33.30,0
2025-11-07 02:48:39,Laptop,10.29,28.80,0.48,39.57,25.27,0
2025-11-07 02:48:39,Laptop,11.00,30.80,0.52,42.32,23.63,0
2025-11-07 02:48:39,Laptop,11.20,31.35,0.00,42.55,23.50,0
2025-11-07 02:48:40,Laptop,9.82,27.50,0.73,38.05,26.28,0
2025-11-07 02:48:40,Laptop,11.36,31.82,1.06,44.25,22.60,0
2025-11-07 02:48:40,Laptop,10.55,29.54,0.69,40.78,24.52,0
2025-11-07 02:48:40,Laptop,12.09,33.86,0.99,46.95,21.30,0
2025-11-07 02:48:40,Laptop,12.84,35.96,0.62,49.43,20.23,0
2025-11-07 02:48:40,Laptop,12.49,34.98,0.55,48.03,20.82,0
2025-11-07 02:48:40,Laptop,8.41,23.55,0.00,31.95,31.29,0
2025-11-07 02:48:40,Laptop,8.22,23.03,0.05,31.30,31.94,0
2025-11-07 02:48:40,Laptop,9.69,27.12,0.38,37.18,26.89,0
2025-11-07 02:48:40,Laptop,10.92,30.57,0.60,42.08,23.76,0
2025-11-07 02:48:40,Laptop,11.95,33.47,0.45,45.86,21.80,0
2025-11-07 02:48:40,Laptop,8.36,23.41,0.05,31.82,31.43,0
2025-11-07 02:48:40,Laptop,11.66,32.65,0.30,44.61,22.41,0
2025-11-07 02:48:40,Laptop,5.08,14.24,0.75,20.07,49.83,0
2025-11-07 02:48:40,Laptop,8.64,24.20,0.00,32.85,30.44,0
2025-11-07 02:48:41,Laptop,7.70,21.55,0.49,29.74,33.62,0
2025-11-07 02:48:41,Laptop,9.79,27.42,0.40,37.62,26.58,0
2025-11-07 02:48:41,Laptop,6.45,18.07,0.20,24.73,40.44,0
2025-11-07 02:48:41,Laptop,9.63,26.98,0.51,37.12,26.94,0
2025-11-07 02:48:41,Laptop,20.01,56.03,0.00,76.04,13.15,0
2025-11-07 02:48:41,Laptop,5.46,15.29,0.70,21.45,46.62,0
2025-11-07 02:48:41,Laptop,9.62,26.93,0.70,37.25,26.84,0
2025-11-07 02:48:41,Laptop,10.95,30.65,0.49,42.08,23.76,0
2025-11-07 02:48:41,Laptop,8.78,24.59,0.61,33.99,29.42,0
2025-11-07 02:48:41,Laptop,9.09,25.44,0.03,34.56,28.94,0
2025-11-07 02:48:41,Laptop,7.23,20.24,0.12,27.59,36.24,0
2025-11-07 02:48:41,Laptop,13.01,36.43,0.19,49.64,20.15,0
2025-11-07 02:48:41,Laptop,9.96,27.90,0.54,38.41,26.03,0
2025-11-07 02:48:41,Laptop,10.10,28.27,0.18,38.54,25.94,0
2025-11-07 02:48:41,Laptop,10.40,29.13,0.59,40.13,24.92,0
2025-11-07 02:48:42,Laptop,12.09,33.84,0.00,45.93,21.77,0
2025-11-07 02:48:42,Laptop,8.14,22.79,0.00,30.93,32.33,0
2025-11-07 02:48:42,Laptop,14.73,41.25,0.10,56.08,17.83,0
2025-11-07 02:48:42,Laptop,9.49,26.59,0.44,36.52,27.38,0
2025-11-07 02:48:42,Laptop,8.77,24.56,0.00,33.33,30.00,0
2025-11-07 02:48:42,Laptop,10.47,29.32,0.40,40.19,24.88,0
2025-11-07 02:48:42,Laptop,11.41,31.96,0.00,43.37,23.06,0
2025-11-07 02:48:42,Laptop,9.87,27.64,0.52,38.03,26.29,0
2025-11-07 02:48:42,Laptop,11.84,33.15,0.38,45.37,22.04,0
2025-11-07 02:48:42,Laptop,7.33,20.53,0.00,27.86,35.90,0
2025-11-07 02:48:42,Laptop,10.00,27.99,0.09,38.08,26.26,0
2025-11-07 02:48:42,Laptop,7.40,20.72,0.40,28.53,35.05,0
2025-11-07 02:48:42,Laptop,9.42,26.38,0.62,36.42,27.46,0
2025-11-07 02:48:42,Laptop,11.89,33.28,0.82,45.98,21.75,0
2025-11-07 02:48:42,Laptop,8.73,24.45,0.88,34.07,29.35,0
2025-11-07 02:48:42,Laptop,10.33,28.93,0.44,39.71,25.18,0
2025-11-07 02:48:43,Laptop,12.42,34.77,0.35,47.54,21.04,0
2025-11-07 02:48:43,Laptop,9.18,25.70,0.30,35.18,28.43,0
2025-11-07 02:48:43,Laptop,10.72,30.02,0.41,41.16,24.30,0
2025-11-07 02:48:43,Laptop,6.92,19.38,0.50,26.80,37.31,0
2025-11-07 02:48:43,Laptop,6.94,19.42,0.33,26.69,37.47,0
2025-11-07 02:48:43,Laptop,7.57,21.20,0.00,28.77,34.76,0
2025-11-07 02:48:43,Laptop,10.45,29.25,0.40,40.10,24.94,0
2025-11-07 02:48:43,Laptop,9.48,26.55,0.76,36.79,27.18,0
2025-11-07 02:48:43,Laptop,8.46,23.68,0.00,32.13,31.12,0
2025-11-07 02:48:43,Laptop,9.66,27.05,0.55,37.27,26.83,0
2025-11-07 02:48:43,Laptop,10.13,28.37,0.47,38.97,25.66,0
2025-11-07 02:48:43,Laptop,7.45,20.87,0.43,28.74,34.79,0
2025-11-07 02:48:43,Laptop,8.11,22.69,0.33,31.13,32.12,0
2025-11-07 02:48:43,Laptop,7.38,20.66,0.72,28.77,34.76,0
2025-11-07 02:48:43,Laptop,6.61,18.51,0.41,25.54,39.16,0
2025-11-07 02:48:43,Laptop,7.80,21.85,0.71,30.37,32.93,0
2025-11-07 02:48:43,Laptop,11.68,32.69,0.48,44.85,22.30,0
2025-11-07 02:48:43,Laptop,7.99,22.37,0.89,31.25,32.00,0
2025-11-07 02:48:44,Laptop,6.39,17.88,0.39,24.66,40.55,0
2025-11-07 02:48:44,Laptop,4.55,12.75,0.77,18.07,55.33,0
2025-11-07 02:48:44,Laptop,9.33,26.12,0.57,36.02,27.76,0
2025-11-07 02:48:44,Laptop,11.22,31.43,0.14,42.79,23.37,0
2025-11-07 02:48:44,Laptop,9.28,25.99,1.00,36.27,27.57,0
2025-11-07 02:48:44,Laptop,11.13,31.16,0.41,42.71,23.42,0
2025-11-07 02:48:44,Laptop,11.41,31.94,0.53,43.88,22.79,0
2025-11-07 02:48:44,Laptop,10.68,29.92,0.78,41.38,24.17,0
2025-11-07 02:48:44,Laptop,9.19,25.73,0.68,35.60,28.09,0
2025-11-07 02:48:44,Laptop,10.05,28.15,0.00,38.20,26.18,0
2025-11-07 02:48:44,Laptop,9.68,27.10,0.00,36.78,27.19,0
2025-11-07 02:48:44,Laptop,11.12,31.12,0.22,42.46,23.55,0
2025-11-07 02:48:44,Laptop,7.24,20.28,0.00,27.53,36.33,0
2025-11-07 02:48:44,Laptop,4.95,13.86,0.87,19.68,50.80,0
2025-11-07 02:48:44,Laptop,8.27,23.15,0.22,31.63,31.61,0
2025-11-07 02:48:44,Laptop,7.95,22.27,0.56,30.79,32.48,0
2025-11-07 02:48:44,Laptop,5.79,16.20,0.00,21.98,45.49,0
2025-11-07 02:48:45,Laptop,6.47,18.11,0.57,25.15,39.77,0
2025-11-07 02:48:45,Laptop,11.64,32.60,0.99,45.23,22.11,0
2025-11-07 02:48:45,Laptop,5.50,15.39,1.08,21.96,45.53,0
2025-11-07 02:48:45,Laptop,13.46,37.69,0.61,51.76,19.32,0
2025-11-07 02:48:45,Laptop,8.41,23.54,0.28,32.22,31.04,0
2025-11-07 02:48:45,Laptop,10.69,29.93,0.00,40.63,24.62,0
2025-11-07 02:48:45,Mobile,35.08,131.54,0.00,166.61,6.00,0
2025-11-07 02:48:45,Laptop,42.28,118.38,0.38,161.03,6.21,0
2025-11-07 02:48:45,Laptop,6.33,17.71,0.65,24.69,40.51,0
2025-11-07 02:48:45,Laptop,6.73,18.84,0.71,26.28,38.05,0
2025-11-07 02:48:45,Laptop,3.76,10.53,1.21,15.50,64.51,0
2025-11-07 02:48:45,Laptop,7.30,20.45,0.77,28.53,35.06,0
2025-11-07 02:48:45,Laptop,6.92,19.37,0.84,27.12,36.87,0
2025-11-07 02:48:45,Laptop,11.66,32.65,0.00,44.31,22.57,0
2025-11-07 02:48:46,Mobile,36.16,135.61,0.00,171.77,5.82,1
2025-11-07 02:48:46,Laptop,44.18,123.70,0.12,168.00,5.95,0
2025-11-07 02:48:46,Laptop,11.96,33.48,0.18,45.61,21.92,0
2025-11-07 02:48:46,Laptop,6.74,18.87,0.00,25.61,39.05,0
2025-11-07 02:48:46,Laptop,3.13,8.77,1.27,13.17,75.91,0
2025-11-07 02:48:46,Laptop,9.08,25.41,0.00,34.49,28.99,0
2025-11-07 02:48:46,Laptop,7.62,21.34,0.81,29.76,33.60,0
2025-11-07 02:48:46,Laptop,14.77,41.35,0.35,56.47,17.71,0
2025-11-07 02:48:46,Mobile,32.62,122.33,0.00,154.95,6.45,0
2025-11-07 02:48:46,Laptop,39.41,110.35,0.15,149.92,6.67,0
2025-11-07 02:48:46,Laptop,10.02,28.05,0.26,38.33,26.09,0
2025-11-07 02:48:46,Laptop,18.04,50.50,0.46,68.99,14.49,0
2025-11-07 02:48:46,Laptop,8.56,23.98,0.46,33.00,30.30,0
2025-11-07 02:48:46,Laptop,6.80,19.03,0.79,26.61,37.58,0
2025-11-07 02:48:47,Laptop,12.79,35.82,0.00,48.61,20.57,0
2025-11-07 02:48:47,Mobile,31.93,119.74,0.73,152.40,6.56,1
2025-11-07 02:48:47,Laptop,45.92,128.57,0.67,175.16,5.71,0
2025-11-07 02:48:47,Laptop,8.48,23.74,0.76,32.98,30.32,0
2025-11-07 02:48:47,Laptop,6.39,17.88,0.81,25.08,39.88,0
2025-11-07 02:48:47,Laptop,12.32,34.50,0.29,47.11,21.23,0
2025-11-07 02:48:47,Laptop,8.88,24.87,0.00,33.75,29.63,0
2025-11-07 02:48:47,Laptop,7.12,19.94,0.45,27.52,36.34,0
2025-11-07 02:48:47,Laptop,3.94,11.02,0.70,15.66,63.87,0
2025-11-07 02:48:47,Laptop,6.00,16.80,0.70,23.51,42.54,0
2025-11-07 02:48:47,Laptop,7.41,20.74,0.00,28.14,35.53,0
2025-11-07 02:48:47,Mobile,24.57,92.15,0.00,116.72,8.57,0
2025-11-07 02:48:47,Laptop,36.01,100.82,0.38,137.20,7.29,0
2025-11-07 02:48:47,Laptop,13.52,37.86,0.38,51.76,19.32,0
2025-11-07 02:48:48,Laptop,8.43,23.59,0.76,32.78,30.51,0
2025-11-07 02:48:48,Laptop,9.60,26.88,0.00,36.48,27.42,0
2025-11-07 02:48:48,Laptop,3.60,10.08,0.79,14.47,69.11,0
2025-11-07 02:48:48,Laptop,8.47,23.72,0.00,32.19,31.06,0
2025-11-07 02:48:48,Laptop,10.41,29.15,0.20,39.77,25.15,0
2025-11-07 02:48:48,Laptop,12.40,34.71,0.00,47.11,21.23,0
2025-11-07 02:48:48,Mobile,36.17,135.64,0.00,171.82,5.82,0
2025-11-07 02:48:48,Laptop,48.66,136.24,0.78,185.68,5.39,0
2025-11-07 02:48:48,Laptop,12.80,35.84,0.78,49.42,20.23,0
2025-11-07 02:48:48,Laptop,10.40,29.11,0.08,39.59,25.26,0
2025-11-07 02:48:48,Laptop,7.80,21.83,0.66,30.29,33.02,0
2025-11-07 02:48:48,Laptop,8.34,23.35,0.42,32.11,31.15,0
2025-11-07 02:48:48,Laptop,8.50,23.80,0.63,32.92,30.38,0
2025-11-07 02:48:48,Laptop,4.87,13.65,0.66,19.18,52.14,0
2025-11-07 02:48:48,Laptop,5.12,14.33,0.77,20.22,49.47,0
2025-11-07 02:48:49,Mobile,30.65,114.94,0.00,145.59,6.87,0
2025-11-07 02:48:49,Laptop,38.09,106.65,0.53,145.27,6.88,0
2025-11-07 02:48:49,Laptop,10.01,28.04,0.05,38.10,26.25,0
2025-11-07 02:48:49,Laptop,9.02,25.27,0.29,34.58,28.91,0
2025-11-07 02:48:49,Laptop,12.42,34.78,0.15,47.35,21.12,0
2025-11-07 02:48:49,Laptop,11.60,32.49,0.00,44.09,22.68,0
2025-11-07 02:48:49,Laptop,8.96,25.08,0.34,34.37,29.09,0
2025-11-07 02:48:49,Laptop,11.00,30.79,0.00,41.78,23.93,0
2025-11-07 02:48:49,Mobile,25.58,95.94,0.00,121.52,8.23,0
2025-11-07 02:48:49,Laptop,34.09,95.46,0.38,129.93,7.70,0
2025-11-07 02:48:49,Laptop,10.41,29.15,0.25,39.82,25.11,0
2025-11-07 02:48:49,Laptop,12.22,34.22,0.08,46.53,21.49,0
2025-11-07 02:48:49,Laptop,6.50,18.19,1.09,25.78,38.79,0
2025-11-07 02:48:49,Laptop,13.10,36.67,0.00,49.77,20.09,0
2025-11-07 02:48:49,Laptop,11.23,31.44,0.00,42.67,23.44,0
2025-11-07 02:48:50,Laptop,8.92,24.98,0.29,34.18,29.25,0
2025-11-07 02:48:50,Laptop,9.06,25.37,0.39,34.82,28.72,0
2025-11-07 02:48:50,Mobile,21.45,80.43,0.00,101.87,9.82,0
2025-11-07 02:48:50,Laptop,29.08,81.43,0.55,111.06,9.00,0
2025-11-07 02:48:50,Laptop,8.58,24.03,0.17,32.79,30.50,0
2025-11-07 02:48:50,Laptop,10.39,29.08,0.27,39.74,25.16,0
2025-11-07 02:48:50,Laptop,9.51,26.63,0.00,36.14,27.67,0
2025-11-07 02:48:50,Laptop,12.01,33.63,0.25,45.89,21.79,0
2025-11-07 02:48:50,Laptop,8.41,23.54,0.00,31.95,31.30,0
2025-11-07 02:48:50,Laptop,9.05,25.34,0.53,34.92,28.64,0
2025-11-07 02:48:50,Laptop,7.87,22.05,0.34,30.27,33.04,0
2025-11-07 02:48:50,Mobile,24.37,91.39,0.10,115.87,8.63,1
2025-11-07 02:48:50,Laptop,36.69,102.75,0.15,139.59,7.16,0
2025-11-07 02:48:50,Laptop,5.82,16.29,1.05,23.15,43.20,0
2025-11-07 02:48:50,Laptop,9.02,25.24,0.72,34.98,28.59,0
2025-11-07 02:48:50,Laptop,10.28,28.77,0.20,39.25,25.48,0
2025-11-07 02:48:51,Laptop,7.39,20.70,0.10,28.19,35.47,0
2025-11-07 02:48:51,Laptop,10.82,30.31,0.34,41.47,24.11,0
2025-11-07 02:48:51,Laptop,10.65,29.81,0.40,40.86,24.48,0
2025-11-07 02:48:51,Laptop,11.50,32.21,0.31,44.02,22.72,0
2025-11-07 02:48:51,Laptop,10.50,29.40,0.13,40.04,24.98,0
2025-11-07 02:48:51,Mobile,29.04,108.90,0.00,137.94,7.25,0
2025-11-07 02:48:51,Laptop,32.48,90.95,0.00,123.43,8.10,0
2025-11-07 02:48:51,Laptop,6.72,18.81,0.36,25.88,38.64,0
2025-11-07 02:48:51,Laptop,11.90,33.32,0.79,46.01,21.74,0
2025-11-07 02:48:51,Laptop,8.23,23.04,0.33,31.60,31.64,0
2025-11-07 02:48:51,Laptop,8.65,24.22,0.34,33.21,30.11,0
2025-11-07 02:48:51,Laptop,7.34,20.54,0.32,28.20,35.46,0
2025-11-07 02:48:51,Laptop,6.03,16.89,0.00,22.92,43.62,0
2025-11-07 02:48:51,Laptop,6.10,17.09,0.69,23.88,41.88,0
2025-11-07 02:48:51,Mobile,28.97,108.64,0.00,137.61,7.27,1
2025-11-07 02:48:51,Laptop,36.42,101.98,0.28,138.68,7.21,0
2025-11-07 02:48:51,Laptop,10.64,29.80,0.75,41.20,24.27,0
2025-11-07 02:48:52,Laptop,6.32,17.71,1.22,25.25,39.60,0
2025-11-07 02:48:52,Laptop,10.90,30.53,0.37,41.80,23.92,0
2025-11-07 02:48:52,Laptop,11.84,33.14,0.61,45.59,21.94,0
2025-11-07 02:48:52,Laptop,14.02,39.26,0.47,53.76,18.60,0
2025-11-07 02:48:52,Mobile,28.54,107.04,0.00,135.58,7.38,0
2025-11-07 02:48:52,Laptop,51.57,144.38,0.00,195.95,5.10,0
2025-11-07 02:48:52,Laptop,9.82,27.50,0.00,37.32,26.79,0
2025-11-07 02:48:52,Laptop,9.23,25.85,0.39,35.47,28.19,0
2025-11-07 02:48:52,Laptop,9.11,25.52,0.68,35.31,28.32,0
2025-11-07 02:48:52,Laptop,6.09,17.04,0.71,23.84,41.95,0
2025-11-07 02:48:52,Laptop,10.06,28.18,0.58,38.82,25.76,0
2025-11-07 02:48:52,Laptop,12.25,34.29,0.25,46.79,21.37,0
2025-11-07 02:48:52,Mobile,26.79,100.48,0.00,127.27,7.86,1
2025-11-07 02:48:53,Laptop,44.05,123.34,0.53,167.93,5.95,0
2025-11-07 02:48:53,Laptop,8.10,22.69,0.86,31.65,31.59,0
2025-11-07 02:48:53,Laptop,11.99,33.56,0.85,46.40,21.55,0
2025-11-07 02:48:53,Laptop,8.52,23.84,0.59,32.95,30.35,0
2025-11-07 02:48:53,Laptop,7.14,19.98,0.35,27.47,36.40,0
2025-11-07 02:48:53,Laptop,8.72,24.42,0.00,33.14,30.18,0
2025-11-07 02:48:53,Laptop,7.41,20.74,0.35,28.49,35.10,0
2025-11-07 02:48:53,Mobile,31.45,117.94,0.18,149.56,6.69,2
2025-11-07 02:48:53,Laptop,45.81,128.27,0.42,174.50,5.73,0
2025-11-07 02:48:53,Laptop,10.47,29.32,0.30,40.09,24.94,0
2025-11-07 02:48:53,Laptop,9.04,25.31,0.59,34.93,28.63,0
2025-11-07 02:48:53,Laptop,9.98,27.94,1.06,38.98,25.65,0
2025-11-07 02:48:53,Laptop,9.54,26.70,0.51,36.75,27.21,0
2025-11-07 02:48:53,Laptop,9.45,26.47,0.56,36.48,27.41,0
2025-11-07 02:48:53,Laptop,9.86,27.62,0.50,37.98,26.33,0
2025-11-07 02:48:54,Laptop,7.85,21.97,0.77,30.58,32.70,0
2025-11-07 02:48:54,Mobile,28.81,108.04,0.91,137.76,7.26,3
2025-11-07 02:48:54,Laptop,43.84,122.74,0.62,167.20,5.98,0
2025-11-07 02:48:54,Laptop,9.80,27.43,0.42,37.65,26.56,0
2025-11-07 02:48:54,Laptop,11.72,32.81,0.78,45.31,22.07,0
2025-11-07 02:48:54,Laptop,8.83,24.73,0.76,34.32,29.14,0
2025-11-07 02:48:54,Laptop,9.16,25.64,0.83,35.63,28.07,0
2025-11-07 02:48:54,Laptop,8.81,24.66,0.76,34.22,29.22,0
2025-11-07 02:48:54,Laptop,9.42,26.38,0.34,36.15,27.66,0
2025-11-07 02:48:54,Mobile,32.26,120.99,0.00,153.26,6.52,1
2025-11-07 02:48:54,Laptop,43.53,121.90,0.63,166.06,6.02,0
2025-11-07 02:48:54,Laptop,10.94,30.63,0.00,41.57,24.06,0
2025-11-07 02:48:54,Laptop,13.57,38.00,0.76,52.33,19.11,0
2025-11-07 02:48:55,Laptop,6.09,17.04,1.25,24.37,41.03,0
2025-11-07 02:48:55,Laptop,13.29,37.21,0.02,50.52,19.80,0
2025-11-07 02:48:55,Laptop,9.76,27.32,0.29,37.37,26.76,0
2025-11-07 02:48:55,Laptop,12.14,33.99,0.30,46.42,21.54,0
2025-11-07 02:48:55,Mobile,25.25,94.69,0.00,119.94,8.34,2
2025-11-07 02:48:55,Laptop,40.13,112.35,0.39,152.87,6.54,0
2025-11-07 02:48:55,Laptop,9.71,27.19,0.03,36.93,27.07,0
2025-11-07 02:48:55,Laptop,8.62,24.12,0.57,33.31,30.02,0
2025-11-07 02:48:55,Laptop,13.44,37.63,0.76,51.82,19.30,0
2025-11-07 02:48:55,Laptop,9.73,27.25,0.39,37.37,26.76,0
2025-11-07 02:48:55,Laptop,11.93,33.42,0.28,45.63,21.91,0
2025-11-07 02:48:55,Laptop,7.13,19.97,0.62,27.72,36.07,0
2025-11-07 02:48:55,Laptop,9.42,26.39,0.05,35.86,27.89,0
2025-11-07 02:48:55,Mobile,29.53,110.73,0.00,140.26,7.13,2
2025-11-07 02:48:55,Laptop,42.07,117.79,0.43,160.30,6.24,0
2025-11-07 02:48:56,Laptop,8.99,25.17,0.61,34.77,28.76,0
2025-11-07 02:48:56,Laptop,12.14,33.99,0.42,46.55,21.48,0
2025-11-07 02:48:56,Laptop,11.74,32.87,0.71,45.33,22.06,0
2025-11-07 02:48:56,Laptop,8.02,22.46,0.64,31.12,32.13,0
2025-11-07 02:48:56,Laptop,11.08,31.03,0.57,42.68,23.43,0
2025-11-07 02:48:56,Laptop,13.90,38.91,0.46,53.27,18.77,0
2025-11-07 02:48:56,Mobile,36.38,136.44,0.00,172.83,5.79,2
2025-11-07 02:48:56,Laptop,39.58,110.82,0.37,150.77,6.63,0
2025-11-07 02:48:56,Laptop,6.66,18.65,0.37,25.69,38.93,0
2025-11-07 02:48:56,Laptop,9.14,25.60,0.30,35.05,28.53,0
2025-11-07 02:48:56,Laptop,10.12,28.35,0.63,39.11,25.57,0
2025-11-07 02:48:56,Laptop,7.50,21.00,0.53,29.02,34.46,0
2025-11-07 02:48:56,Laptop,7.49,20.97,0.38,28.84,34.67,0
2025-11-07 02:48:56,Laptop,15.68,43.90,0.38,59.96,16.68,0
2025-11-07 02:48:57,Mobile,25.65,96.17,0.00,121.82,8.21,2
2025-11-07 02:48:57,Laptop,47.04,131.72,0.62,179.38,5.57,0
2025-11-07 02:48:57,Laptop,10.37,29.04,0.80,40.21,24.87,0
2025-11-07 02:48:57,Laptop,5.40,15.12,1.41,21.93,45.60,0
2025-11-07 02:48:57,Laptop,7.21,20.18,1.19,28.59,34.98,0
2025-11-07 02:48:57,Laptop,11.07,31.00,0.51,42.58,23.48,0
2025-11-07 02:48:57,Laptop,11.94,33.44,0.49,45.87,21.80,0
2025-11-07 02:48:57,Laptop,9.05,25.33,0.24,34.62,28.89,0
2025-11-07 02:48:57,Mobile,34.17,128.12,1.66,163.95,6.10,2
2025-11-07 02:48:57,Laptop,43.34,121.36,0.53,165.24,6.05,0
2025-11-07 02:48:57,Laptop,7.22,20.21,0.00,27.42,36.47,0
2025-11-07 02:48:57,Laptop,7.45,20.85,0.00,28.30,35.34,0
2025-11-07 02:48:57,Laptop,9.34,26.14,0.00,35.48,28.19,0
2025-11-07 02:48:58,Laptop,11.07,31.00,0.00,42.07,23.77,0
2025-11-07 02:48:58,Laptop,12.41,34.75,0.80,47.95,20.85,0
2025-11-07 02:48:58,Laptop,12.33,34.52,0.59,47.44,21.08,0
2025-11-07 02:48:58,Laptop,10.08,28.23,0.00,38.32,26.10,0
2025-11-07 02:48:58,Laptop,10.29,28.80,0.50,39.59,25.26,0
2025-11-07 02:48:58,Mobile,32.07,120.25,0.00,152.32,6.57,2
2025-11-07 02:48:58,Laptop,52.46,146.90,0.35,199.71,5.01,0
2025-11-07 02:48:58,Laptop,4.73,13.25,0.80,18.78,53.26,0
2025-11-07 02:48:58,Laptop,9.65,27.03,0.00,36.68,27.26,0
2025-11-07 02:48:58,Laptop,11.06,30.97,0.38,42.41,23.58,0
2025-11-07 02:48:58,Laptop,11.93,33.40,0.00,45.33,22.06,0
2025-11-07 02:48:58,Laptop,8.05,22.53,0.00,30.58,32.70,0
2025-11-07 02:48:58,Laptop,7.07,19.80,0.41,27.28,36.66,0
2025-11-07 02:48:58,Laptop,6.95,19.46,0.75,27.16,36.81,0
2025-11-07 02:48:59,Mobile,25.24,94.67,0.81,120.72,8.28,2
2025-11-07 02:48:59,Laptop,38.16,106.84,0.26,145.25,6.88,0
2025-11-07 02:48:59,Laptop,6.72,18.81,0.73,26.26,38.08,0
2025-11-07 02:48:59,Laptop,6.03,16.89,0.89,23.81,42.00,0
2025-11-07 02:48:59,Laptop,8.08,22.62,0.41,31.12,32.13,0
2025-11-07 02:48:59,Laptop,14.82,41.50,0.00,56.32,17.76,0
2025-11-07 02:48:59,Laptop,7.36,20.60,0.58,28.54,35.04,0
2025-11-07 02:48:59,Laptop,11.29,31.61,0.20,43.10,23.20,0
2025-11-07 02:48:59,Mobile,29.02,108.82,0.00,137.84,7.25,2
2025-11-07 02:48:59,Laptop,44.08,123.41,0.74,168.23,5.94,0
2025-11-07 02:48:59,Laptop,8.08,22.62,0.38,31.08,32.18,0
2025-11-07 02:48:59,Laptop,12.69,35.54,0.56,48.79,20.50,0
2025-11-07 02:48:59,Laptop,10.67,29.88,0.00,40.56,24.66,0
2025-11-07 02:48:59,Laptop,9.91,27.74,0.39,38.04,26.29,0
2025-11-07 02:48:59,Laptop,6.85,19.18,0.68,26.71,37.44,0
2025-11-07 02:49:00,Laptop,9.95,27.86,0.00,37.81,26.44,0
2025-11-07 02:49:00,Laptop,7.49,20.97,0.42,28.88,34.62,0
2025-11-07 02:49:00,Laptop,9.04,25.30,0.18,34.52,28.97,0
2025-11-07 02:49:00,Laptop,9.97,27.90,0.25,38.12,26.23,0
2025-11-07 02:49:00,Mobile,28.76,107.83,0.00,136.59,7.32,2
2025-11-07 02:49:00,Laptop,41.04,114.92,0.23,156.20,6.40,0
2025-11-07 02:49:00,Laptop,11.75,32.91,0.07,44.73,22.36,0
2025-11-07 02:49:00,Laptop,9.02,25.27,0.00,34.29,29.16,0
2025-11-07 02:49:00,Laptop,10.01,28.02,0.49,38.52,25.96,0
2025-11-07 02:49:00,Laptop,8.53,23.89,0.26,32.68,30.60,0
2025-11-07 02:49:00,Laptop,9.80,27.43,0.52,37.74,26.50,0
2025-11-07 02:49:00,Laptop,9.08,25.42,0.00,34.49,28.99,0
2025-11-07 02:49:00,Laptop,4.68,13.10,0.63,18.42,54.30,0
2025-11-07 02:49:00,Mobile,25.22,94.57,0.00,119.78,8.35,2
2025-11-07 02:49:00,Laptop,38.43,107.61,0.29,146.33,6.83,0
2025-11-07 02:49:00,Laptop,5.35,14.99,0.79,21.13,47.33,0
2025-11-07 02:49:01,Laptop,14.80,41.45,0.52,56.77,17.61,0
2025-11-07 02:49:01,Laptop,11.84,33.16,0.00,45.00,22.22,0
2025-11-07 02:49:01,Laptop,10.74,30.08,0.34,41.17,24.29,0
2025-11-07 02:49:01,Laptop,10.21,28.58,0.80,39.58,25.26,0
2025-11-07 02:49:01,Laptop,11.87,33.25,0.17,45.29,22.08,0
2025-11-07 02:49:01,Laptop,9.03,25.30,0.10,34.43,29.04,0
2025-11-07 02:49:01,Laptop,7.20,20.15,0.05,27.40,36.50,0
2025-11-07 02:49:01,Laptop,7.47,20.91,0.00,28.38,35.24,0
2025-11-07 02:49:01,Laptop,12.61,35.30,0.57,48.48,20.63,0
2025-11-07 02:49:01,Laptop,5.63,15.77,0.89,22.30,44.85,0
2025-11-07 02:49:01,Laptop,6.99,19.56,0.13,26.67,37.49,0
2025-11-07 02:49:01,Mobile,30.22,113.34,0.43,144.00,6.94,2
2025-11-07 02:49:01,Laptop,37.44,104.83,0.32,142.59,7.01,0
2025-11-07 02:49:01,Laptop,7.41,20.76,0.37,28.55,35.03,0
2025-11-07 02:49:01,Laptop,7.54,21.12,0.36,29.02,34.46,0
2025-11-07 02:49:02,Laptop,9.13,25.56,0.94,35.63,28.06,0
2025-11-07 02:49:02,Laptop,8.01,22.42,0.78,31.20,32.05,0
2025-11-07 02:49:02,Laptop,6.43,18.01,0.47,24.92,40.13,0
2025-11-07 02:49:02,Laptop,12.16,34.05,0.00,46.21,21.64,0
2025-11-07 02:49:02,Laptop,12.42,34.77,0.00,47.19,21.19,0
2025-11-07 02:49:02,Laptop,7.20,20.15,0.43,27.78,36.00,0
2025-11-07 02:49:02,Laptop,8.34,23.36,0.61,32.31,30.95,0
2025-11-07 02:49:02,Laptop,9.16,25.64,0.33,35.12,28.47,0
2025-11-07 02:49:02,Laptop,6.76,18.93,0.35,26.04,38.41,0
2025-11-07 02:49:02,Laptop,10.34,28.96,0.18,39.48,25.33,0
2025-11-07 02:49:02,Laptop,5.88,16.47,0.81,23.16,43.18,0
2025-11-07 02:49:02,Laptop,7.15,20.03,0.51,27.69,36.11,0
2025-11-07 02:49:02,Laptop,8.71,24.38,0.44,33.53,29.83,0
2025-11-07 02:49:02,Mobile,30.87,115.78,0.00,146.65,6.82,2
2025-11-07 02:49:02,Laptop,36.82,103.09,0.20,140.11,7.14,0
2025-11-07 02:49:02,Laptop,6.55,18.34,0.38,25.27,39.57,0
2025-11-07 02:49:02,Laptop,7.40,20.73,0.53,28.66,34.90,0
2025-11-07 02:49:03,Laptop,9.76,27.34,0.60,37.70,26.52,0
2025-11-07 02:49:03,Laptop,9.12,25.54,0.28,34.94,28.62,0
2025-11-07 02:49:03,Laptop,4.71,13.18,0.67,18.56,53.89,0
2025-11-07 02:49:03,Laptop,8.82,24.69,0.00,33.51,29.84,0
2025-11-07 02:49:03,Laptop,8.19,22.94,0.41,31.53,31.71,0
2025-11-07 02:49:03,Laptop,7.19,20.14,0.13,27.47,36.41,0
2025-11-07 02:49:03,Laptop,4.95,13.85,0.54,19.34,51.72,0
2025-11-07 02:49:03,Laptop,4.56,12.77,0.80,18.12,55.17,0
2025-11-07 02:49:03,Laptop,4.26,11.94,0.50,16.70,59.88,0
2025-11-07 02:49:03,Laptop,11.44,32.04,0.00,43.48,23.00,0
2025-11-07 02:49:03,Laptop,8.20,22.96,0.37,31.53,31.72,0
2025-11-07 02:49:03,Laptop,6.49,18.17,0.00,24.65,40.56,0
2025-11-07 02:49:03,Mobile,26.65,99.94,0.38,126.97,7.88,2
2025-11-07 02:49:03,Laptop,39.14,109.61,0.46,149.21,6.70,0
2025-11-07 02:49:03,Laptop,7.42,20.78,0.00,28.20,35.47,0
2025-11-07 02:49:03,Laptop,10.72,30.02,0.19,40.93,24.43,0
2025-11-07 02:49:04,Laptop,5.22,14.62,0.61,20.45,48.89,0
2025-11-07 02:49:04,Laptop,7.61,21.30,0.38,29.29,34.14,0
2025-11-07 02:49:04,Laptop,7.89,22.09,0.80,30.78,32.49,0
2025-11-07 02:49:04,Laptop,7.95,22.27,0.40,30.62,32.66,0
2025-11-07 02:49:04,Laptop,4.63,12.95,0.67,18.25,54.80,0
2025-11-07 02:49:04,Laptop,8.13,22.75,0.33,31.21,32.04,0
2025-11-07 02:49:04,Laptop,6.39,17.89,0.79,25.07,39.89,0
2025-11-07 02:49:04,Laptop,12.10,33.88,0.97,46.95,21.30,0
2025-11-07 02:49:04,Laptop,7.97,22.33,0.00,30.30,33.00,0
2025-11-07 02:49:04,Laptop,6.46,18.08,0.82,25.36,39.43,0
2025-11-07 02:49:04,Laptop,5.56,15.55,0.76,21.87,45.72,0
2025-11-07 02:49:04,Mobile,21.95,82.32,0.00,104.27,9.59,2
2025-11-07 02:49:04,Laptop,35.80,100.25,0.35,136.40,7.33,0
2025-11-07 02:49:04,Laptop,8.57,24.00,0.54,33.11,30.20,0
2025-11-07 02:49:04,Laptop,8.99,25.18,0.38,34.55,28.94,0
2025-11-07 02:49:04,Laptop,7.34,20.56,0.35,28.25,35.40,0
2025-11-07 02:49:05,Laptop,9.43,26.40,0.36,36.19,27.64,0
2025-11-07 02:49:05,Laptop,8.64,24.18,0.33,33.15,30.17,0
2025-11-07 02:49:05,Laptop,8.69,24.32,0.42,33.42,29.92,0
2025-11-07 02:49:05,Laptop,7.88,22.08,0.38,30.34,32.96,0
2025-11-07 02:49:05,Laptop,10.07,28.21,0.75,39.03,25.62,0
2025-11-07 02:49:05,Laptop,12.52,35.05,0.00,47.57,21.02,0
2025-11-07 02:49:05,Laptop,8.93,24.99,0.51,34.42,29.05,0
2025-11-07 02:49:05,Laptop,8.09,22.66,0.46,31.21,32.04,0
2025-11-07 02:49:05,Laptop,9.37,26.23,0.00,35.60,28.09,0
2025-11-07 02:49:05,Laptop,7.18,20.10,0.08,27.35,36.56,0
2025-11-07 02:49:05,Laptop,5.10,14.29,0.54,19.94,50.16,0
2025-11-07 02:49:05,Laptop,7.98,22.34,0.53,30.85,32.42,0
2025-11-07 02:49:05,Mobile,21.90,82.14,0.00,104.05,9.61,2
2025-11-07 02:49:05,Laptop,28.93,81.02,0.40,110.35,9.06,0
2025-11-07 02:49:05,Laptop,12.13,33.98,0.39,46.50,21.50,0
2025-11-07 02:49:05,Laptop,7.13,19.96,1.10,28.18,35.48,0
2025-11-07 02:49:05,Laptop,5.71,16.00,0.79,22.50,44.44,0
2025-11-07 02:49:06,Laptop,14.24,39.86,0.63,54.73,18.27,0
2025-11-07 02:49:06,Laptop,5.68,15.90,0.43,22.00,45.44,0
2025-11-07 02:49:06,Laptop,9.46,26.48,0.38,36.32,27.53,0
2025-11-07 02:49:06,Laptop,9.85,27.59,0.39,37.83,26.43,0
2025-11-07 02:49:06,Laptop,10.85,30.39,0.15,41.40,24.16,0
2025-11-07 02:49:06,Laptop,10.95,30.66,0.50,42.11,23.75,0
2025-11-07 02:49:06,Laptop,8.97,25.13,0.54,34.64,28.87,0
2025-11-07 02:49:06,Laptop,7.34,20.56,0.00,27.90,35.85,0
2025-11-07 02:49:06,Laptop,8.42,23.58,0.40,32.40,30.86,0
2025-11-07 02:49:06,Laptop,9.69,27.14,0.39,37.22,26.87,0
2025-11-07 02:49:06,Laptop,8.98,25.14,0.51,34.63,28.88,0
2025-11-07 02:49:06,Mobile,22.86,85.73,0.00,108.59,9.21,2
2025-11-07 02:49:06,Laptop,34.25,95.91,0.52,130.69,7.65,0
2025-11-07 02:49:06,Laptop,11.74,32.88,0.58,45.21,22.12,0
2025-11-07 02:49:06,Laptop,8.90,24.92,0.00,33.82,29.57,0
2025-11-07 02:49:07,Laptop,10.73,30.06,0.58,41.37,24.17,0
2025-11-07 02:49:07,Laptop,9.15,25.61,1.01,35.77,27.96,0
2025-11-07 02:49:07,Laptop,12.09,33.86,0.50,46.45,21.53,0
2025-11-07 02:49:07,Laptop,9.91,27.75,0.69,38.35,26.08,0
2025-11-07 02:49:07,Mobile,34.33,128.74,0.00,163.07,6.13,0
2025-11-07 02:49:07,Laptop,48.26,135.12,0.62,183.99,5.44,0
2025-11-07 02:49:07,Laptop,10.16,28.44,0.59,39.18,25.52,0
2025-11-07 02:49:07,Laptop,10.91,30.55,0.33,41.79,23.93,0
2025-11-07 02:49:07,Laptop,8.37,23.43,0.36,32.16,31.10,0
2025-11-07 02:49:07,Laptop,9.80,27.43,0.40,37.63,26.58,0
2025-11-07 02:49:07,Laptop,8.54,23.90,0.34,32.78,30.50,0
2025-11-07 02:49:07,Laptop,8.34,23.34,0.11,31.79,31.46,0
2025-11-07 02:49:07,Laptop,8.46,23.70,0.33,32.50,30.77,0
2025-11-07 02:49:07,Laptop,8.26,23.12,0.40,31.77,31.48,0
2025-11-07 02:49:07,Laptop,7.14,19.99,0.44,27.58,36.26,0
2025-11-07 02:49:08,Laptop,5.75,16.11,0.39,22.25,44.94,0
2025-11-07 02:49:08,Mobile,31.95,119.83,0.05,151.83,6.59,0
2025-11-07 02:49:08,Laptop,45.64,127.79,0.58,174.01,5.75,0
2025-11-07 02:49:08,Laptop,8.11,22.71,0.40,31.21,32.04,0
2025-11-07 02:49:08,Laptop,10.36,28.99,0.25,39.60,25.25,0
2025-11-07 02:49:08,Laptop,10.86,30.41,0.36,41.64,24.02,0
2025-11-07 02:49:08,Laptop,8.97,25.11,0.00,34.08,29.35,0
2025-11-07 02:49:08,Laptop,8.65,24.23,0.15,33.03,30.27,0
2025-11-07 02:49:08,Laptop,11.96,33.47,0.43,45.86,21.81,0
2025-11-07 02:49:08,Mobile,28.79,107.95,0.00,136.74,7.31,0
2025-11-07 02:49:08,Laptop,40.83,114.31,0.29,155.43,6.43,0
2025-11-07 02:49:08,Laptop,10.19,28.52,0.41,39.12,25.56,0
2025-11-07 02:49:08,Laptop,7.38,20.67,0.76,28.81,34.71,0
2025-11-07 02:49:08,Laptop,10.27,28.77,0.29,39.33,25.43,0
2025-11-07 02:49:09,Laptop,8.17,22.87,0.20,31.24,32.01,0
2025-11-07 02:49:09,Laptop,7.05,19.73,0.38,27.16,36.82,0
2025-11-07 02:49:09,Laptop,10.61,29.70,0.59,40.90,24.45,0
2025-11-07 02:49:09,Mobile,25.13,94.22,0.00,119.35,8.38,0
2025-11-07 02:49:09,Laptop,34.58,96.82,0.41,131.81,7.59,0
2025-11-07 02:49:09,Laptop,11.98,33.55,0.51,46.05,21.72,0
2025-11-07 02:49:09,Laptop,10.07,28.19,0.43,38.68,25.85,0
2025-11-07 02:49:09,Laptop,7.53,21.10,1.18,29.81,33.54,0
2025-11-07 02:49:09,Laptop,10.70,29.95,0.82,41.48,24.11,0
2025-11-07 02:49:09,Laptop,7.11,19.91,0.38,27.40,36.50,0
2025-11-07 02:49:09,Laptop,9.24,25.86,0.23,35.33,28.31,0
2025-11-07 02:49:09,Mobile,35.40,132.76,0.00,168.17,5.95,0
2025-11-07 02:49:09,Laptop,45.12,126.34,0.50,171.96,5.82,0
2025-11-07 02:49:09,Laptop,8.46,23.70,0.99,33.16,30.16,0
2025-11-07 02:49:10,Laptop,10.91,30.56,0.20,41.67,24.00,0
2025-11-07 02:49:10,Laptop,11.21,31.38,0.00,42.59,23.48,0
2025-11-07 02:49:10,Laptop,12.86,36.01,0.51,49.38,20.25,0
2025-11-07 02:49:10,Laptop,9.23,25.84,0.00,35.07,28.51,0
2025-11-07 02:49:10,Laptop,8.43,23.60,0.00,32.02,31.23,0
2025-11-07 02:49:10,Laptop,11.29,31.62,0.41,43.33,23.08,0
2025-11-07 02:49:10,Laptop,8.05,22.53,0.43,31.01,32.25,0
2025-11-07 02:49:10,Laptop,10.80,30.24,0.35,41.39,24.16,0
2025-11-07 02:49:10,Laptop,9.55,26.73,0.05,36.32,27.53,0
2025-11-07 02:49:10,Laptop,6.02,16.87,0.39,23.28,42.95,0
2025-11-07 02:49:10,Laptop,8.51,23.83,0.57,32.91,30.38,0
2025-11-07 02:49:10,Laptop,7.51,21.03,0.45,28.99,34.49,0
2025-11-07 02:49:10,Laptop,12.64,35.39,0.70,48.73,20.52,0
2025-11-07 02:49:10,Laptop,10.73,30.03,0.65,41.41,24.15,0
2025-11-07 02:49:10,Laptop,7.91,22.15,0.40,30.45,32.84,0
2025-11-07 02:49:11,Laptop,16.51,46.23,0.00,62.74,15.94,0
2025-11-07 02:49:11,Laptop,11.68,32.69,0.55,44.92,22.26,0
2025-11-07 02:49:11,Laptop,7.22,20.21,0.35,27.78,36.00,0
2025-11-07 02:49:11,Laptop,10.32,28.90,0.69,39.90,25.06,0
2025-11-07 02:49:11,Laptop,8.41,23.56,0.37,32.34,30.92,0
2025-11-07 02:49:11,Laptop,8.64,24.19,0.43,33.26,30.07,0
2025-11-07 02:49:11,Laptop,7.23,20.23,0.05,27.51,36.35,0
2025-11-07 02:49:11,Laptop,6.61,18.50,0.35,25.46,39.27,0
2025-11-07 02:49:11,Laptop,12.41,34.76,0.57,47.74,20.95,0
2025-11-07 02:49:11,Laptop,8.09,22.66,0.36,31.12,32.14,0
2025-11-07 02:49:11,Laptop,12.49,34.96,0.56,48.01,20.83,0
2025-11-07 02:49:11,Laptop,8.26,23.14,0.15,31.55,31.69,0
2025-11-07 02:49:11,Laptop,6.87,19.23,0.17,26.28,38.06,0
2025-11-07 02:49:11,Laptop,4.70,13.17,0.15,18.02,55.50,0
2025-11-07 02:49:11,Laptop,4.63,12.98,0.20,17.81,56.14,0
2025-11-07 02:49:11,Laptop,4.51,12.63,0.20,17.34,57.66,0
2025-11-07 02:49:11,Laptop,5.17,14.47,0.15,19.78,50.55,0
2025-11-07 02:49:11,Laptop,4.87,13.63,0.25,18.75,53.34,0
2025-11-07 02:49:12,Laptop,4.86,13.62,0.15,18.63,53.68,0
2025-11-07 02:49:12,Laptop,4.90,13.73,0.20,18.83,53.10,0
2025-11-07 02:49:12,Laptop,4.86,13.62,0.20,18.68,53.52,0
2025-11-07 02:49:12,Laptop,4.85,13.58,0.20,18.63,53.69,0
2025-11-07 02:49:12,Laptop,4.84,13.54,0.16,18.54,53.94,0
2025-11-07 02:49:12,Laptop,8.12,22.73,0.20,31.05,32.20,0
2025-11-07 02:49:12,Laptop,7.94,22.22,0.20,30.36,32.94,0
2025-11-07 02:49:12,Laptop,7.74,21.68,0.15,29.58,33.81,0
2025-11-07 02:49:12,Laptop,8.04,22.51,0.15,30.70,32.57,0
2025-11-07 02:49:12,Laptop,7.84,21.94,0.15,29.93,33.41,0
2025-11-07 02:49:12,Laptop,7.76,21.74,0.20,29.71,33.66,0
